Gender,Ethnicity,ParentalEducation,StudyTimeWeekly,Absences,Tutoring,ParentalSupport,Extracurricular,GradeClass
1,0,2,19.83372281,7,1,2,0,0
0,0,1,15.40875606,0,0,1,0,1
0,2,3,4.210569769,26,0,2,0,0
1,0,3,10.02882947,14,0,3,1,0
1,0,2,4.672495273,17,1,3,0,0
0,0,1,8.191218545,0,0,1,1,1
0,1,1,15.60168047,10,0,3,0,0
1,1,4,15.42449631,22,1,1,1,0
0,0,0,4.562007558,1,0,2,0,0
1,0,1,18.44446636,0,0,3,1,1
0,0,1,11.85136366,11,0,1,0,0
0,0,1,7.598485819,15,0,2,0,0
0,1,1,10.03871162,21,0,3,1,0
0,1,2,12.10142507,21,0,4,0,0
1,0,1,11.19781064,9,1,2,0,0
0,0,2,9.728100711,17,1,0,0,0
0,3,1,10.09865608,14,0,2,1,0
1,0,0,3.528238209,16,1,2,0,0
0,1,3,16.25465809,29,0,2,1,0
0,0,1,10.8352064,9,0,2,0,0
1,0,3,2.621597234,2,0,3,0,0
0,0,2,15.32314203,25,0,1,1,0
1,1,0,18.64887957,29,1,1,0,0
1,3,4,18.94613798,20,0,2,1,0
1,0,1,7.380354648,15,0,2,0,0
1,0,3,2.710337471,5,0,4,0,0
0,0,1,10.36799253,2,0,2,0,0
1,0,3,2.252184587,8,0,3,0,0
0,0,0,18.67974837,10,0,3,1,0
0,0,2,3.671592547,20,0,3,1,0
0,2,2,5.055317199,12,1,0,0,0
0,0,3,8.132730538,17,0,4,0,0
0,0,3,7.663289371,25,0,1,0,0
0,3,3,15.89325785,21,0,0,1,0
0,0,3,9.126336411,27,1,2,1,0
0,3,1,3.4153652,23,0,1,0,0
0,0,1,5.34419791,26,1,1,0,0
0,2,1,10.1822677,21,1,1,0,0
1,1,1,2.949078349,3,1,1,1,1
1,2,1,12.23311351,21,1,3,1,0
1,3,2,11.31494613,23,1,1,0,0
0,0,1,14.29404633,7,0,2,0,0
1,3,2,18.75409231,12,1,4,0,0
1,0,1,18.24509122,9,0,2,0,0
1,0,1,18.92151236,1,1,3,1,1
0,0,2,4.89431194,7,0,4,0,0
0,1,2,2.631306133,5,0,1,1,0
0,0,2,6.04553401,15,0,2,0,0
0,1,2,17.90170346,17,0,3,0,0
1,1,1,19.44106949,16,0,4,1,0
1,2,2,17.18649902,5,0,3,0,0
1,2,0,2.200354423,12,1,1,1,0
1,0,1,18.94855996,22,0,4,0,0
0,0,2,8.467160547,13,0,1,0,0
0,0,0,0.186205815,29,1,2,1,0
0,0,1,8.847874815,25,0,2,0,0
1,0,4,0.921383394,20,0,2,0,0
0,0,4,10.87755842,29,0,3,1,0
0,0,1,6.771080549,9,1,3,0,0
1,3,0,9.468698672,23,0,3,0,0
1,1,1,12.26340721,10,0,0,1,0
0,0,1,17.37602192,12,0,2,0,0
0,1,3,13.23803153,11,0,3,0,0
0,0,1,8.68097737,8,0,2,0,0
0,0,2,16.38855707,3,1,4,0,1
0,1,1,18.11164275,6,1,3,1,1
0,0,4,2.395199329,23,0,3,0,0
1,0,1,10.63865955,28,0,0,0,0
1,3,2,5.690239195,21,1,3,0,0
1,2,1,0.941223958,1,0,4,0,1
0,1,2,13.3709339,6,0,2,1,0
1,1,1,17.25541555,28,0,3,0,0
0,1,1,3.25805309,8,0,2,1,0
0,0,3,16.24827315,4,1,2,0,1
1,0,3,17.06791467,14,0,3,1,0
0,0,3,18.28680885,17,0,3,0,0
0,0,2,5.305701782,3,0,3,0,0
1,1,3,18.0790613,18,1,1,1,0
1,0,0,6.413255095,19,0,1,0,0
1,3,1,11.04676027,25,0,3,0,0
0,3,1,1.010149417,6,0,1,0,0
1,2,2,0.877621767,25,0,2,0,0
1,1,1,14.40746425,7,0,0,1,0
0,2,1,8.88959956,16,0,1,0,0
1,0,2,5.125847507,12,0,3,1,0
1,2,3,3.80826992,23,0,3,0,0
1,0,1,13.39906982,20,1,1,1,0
0,2,1,0.008030881,27,0,1,0,0
0,0,1,16.11782338,22,0,0,1,0
0,2,1,1.584992123,10,0,2,0,0
0,3,1,3.829792298,26,0,1,0,0
1,0,2,7.724727906,0,0,2,1,1
0,0,2,9.697174794,1,1,3,0,1
0,3,2,7.099902316,16,1,3,0,0
1,0,1,6.4142433,4,0,1,1,0
1,2,3,19.27832024,29,0,3,0,0
1,1,1,12.83159362,29,0,4,0,0
0,0,2,0.468659107,5,0,2,0,0
0,0,3,8.603518169,25,0,2,1,0
0,0,1,17.50017399,24,0,2,0,0
1,2,1,6.029123728,23,1,1,1,0
1,0,3,1.891126895,6,0,3,1,0
0,1,1,15.16769543,27,0,3,1,0
1,0,2,12.12027664,20,1,2,0,0
1,1,0,11.40625016,29,0,3,1,0
1,2,2,1.071531192,14,0,3,0,0
0,3,1,2.809980196,18,0,0,1,0
1,0,0,12.45098792,15,0,1,0,0
1,2,2,4.156476829,24,1,3,1,0
0,2,1,10.08140159,12,1,4,0,0
0,1,1,10.89763372,4,1,3,0,1
1,3,0,5.670143805,2,1,4,0,1
1,0,1,18.96850311,2,0,2,0,1
0,0,1,16.84928214,18,1,1,0,0
0,2,0,14.44747015,13,1,2,0,0
1,0,3,1.559877328,15,0,0,0,0
1,2,0,2.122600386,21,0,3,1,0
1,2,2,9.855626917,16,0,4,0,0
1,0,1,3.214266984,26,0,3,0,0
0,2,1,19.56530927,3,0,2,1,1
1,0,3,3.170404681,12,1,1,1,0
1,1,1,9.749356709,7,1,1,0,0
0,1,4,7.282421137,18,0,2,0,0
1,3,1,12.78772843,4,0,3,0,1
0,0,2,2.580728178,1,1,2,1,1
1,0,2,8.606328561,14,0,4,1,0
1,1,3,5.494100656,1,0,3,1,1
0,2,2,17.75503049,10,1,1,0,0
0,1,2,0.811714243,12,1,1,1,0
1,0,1,18.27454988,22,1,3,0,0
1,0,1,16.65988277,9,0,1,0,0
1,0,3,5.951414329,2,0,3,0,1
0,2,1,15.78581309,4,1,2,0,1
1,0,1,0.624271207,2,0,1,1,0
0,0,2,19.33731101,5,1,2,1,1
0,3,1,10.53189885,12,0,2,1,0
1,0,4,6.065620521,9,0,3,0,0
0,3,2,7.251664252,18,0,0,1,0
1,1,2,1.328107069,7,0,3,1,0
1,2,3,19.78699028,17,1,3,0,0
1,0,0,0.785838903,2,0,3,1,1
1,0,1,13.09814246,23,1,0,1,0
1,2,2,8.854718554,23,1,3,0,0
0,2,1,18.97832436,16,0,2,1,0
0,2,2,4.919994806,7,1,2,1,0
1,0,3,10.64173648,9,0,3,1,0
1,2,2,9.647124172,1,1,2,1,1
0,2,1,14.05732888,11,0,3,0,0
0,1,4,1.360204639,22,0,1,1,0
0,2,2,3.8757826,5,0,3,1,0
0,2,2,4.291296402,1,0,1,0,0
1,1,1,14.7630151,20,1,3,0,0
1,0,3,3.782773927,22,0,4,1,0
0,0,2,11.46983528,23,0,2,0,0
1,0,2,4.30487641,2,0,2,1,1
0,0,3,17.232499,16,1,3,1,0
1,0,1,18.84370909,28,0,0,0,0
0,0,2,10.3698595,6,0,2,0,0
1,0,3,7.046177684,28,0,2,0,0
0,0,1,4.6811555,20,0,3,0,0
0,2,2,0.99562003,4,1,3,1,1
1,3,3,5.370001524,22,1,3,0,0
0,0,2,13.0847156,0,1,3,0,1
1,3,2,10.67233863,7,0,3,1,0
1,1,3,18.88082557,11,1,2,1,0
0,0,3,7.92554525,13,0,2,0,0
1,0,1,13.87726685,15,1,2,1,0
1,1,0,9.78645495,9,0,4,0,0
1,2,2,10.25152432,14,0,3,1,0
1,2,2,5.355486292,20,0,2,0,0
1,0,2,9.099015537,23,0,3,0,0
0,0,2,9.41569994,25,0,2,1,0
1,0,1,14.13285043,14,1,3,0,0
1,0,2,18.81279998,9,0,2,0,0
1,0,1,6.58642555,20,1,1,1,0
1,0,2,0.844009372,27,0,3,1,0
1,2,2,9.92590251,6,0,3,0,0
0,3,1,10.88922664,25,1,2,1,0
1,0,1,3.368811023,2,0,2,1,0
0,3,2,15.20929213,1,0,3,1,1
0,0,2,19.69858217,5,1,3,0,1
0,0,1,18.91549434,20,0,3,1,0
0,0,4,3.942120776,8,0,2,1,0
1,1,2,17.5072648,9,1,4,1,1
0,3,4,14.08987273,3,0,3,0,0
0,1,2,9.076931276,26,1,3,1,0
1,0,2,10.81221989,2,0,3,0,0
1,1,3,16.9920035,8,0,1,1,0
1,0,2,9.602698793,23,0,0,1,0
0,2,2,7.464147382,21,1,3,0,0
1,1,1,9.864949861,16,0,2,0,0
1,0,2,11.58259608,13,1,3,0,0
0,1,1,3.781553076,9,0,2,1,0
1,1,1,18.01815461,12,0,2,0,0
1,0,0,13.48373898,11,1,1,1,0
1,1,0,12.66537835,26,0,3,1,0
1,0,4,1.989924524,0,0,1,1,1
0,2,1,12.08347876,27,0,3,1,0
1,2,2,2.419213245,21,0,2,0,0
1,2,3,1.573953504,28,0,3,1,0
0,1,2,10.54621791,18,0,1,0,0
1,1,1,8.055710681,18,0,1,0,0
0,0,2,11.7762054,5,0,3,0,0
1,2,2,1.784443361,12,0,2,1,0
0,0,2,8.619661257,18,0,1,1,0
0,0,2,3.495734301,12,1,4,0,0
0,0,4,19.74200172,26,1,1,1,0
0,0,2,11.22300425,25,0,2,1,0
1,1,1,13.74873722,21,0,1,0,0
0,0,2,6.508365614,20,1,2,1,0
1,2,0,1.894778296,3,0,2,0,0
0,0,3,19.51741726,23,0,1,0,0
0,0,1,5.725180708,1,0,3,1,1
0,1,1,8.476163703,14,1,2,0,0
1,0,3,12.99727843,11,0,3,0,0
0,0,2,0.493945954,29,1,1,1,0
1,2,1,16.20518261,26,1,2,1,0
1,0,2,10.7315638,6,0,0,1,0
1,2,3,5.564343741,19,1,3,0,0
1,0,1,1.232159706,17,0,3,0,0
1,0,3,3.249968309,22,0,3,1,0
1,2,0,17.90067718,12,0,2,0,0
1,0,2,13.72048448,16,0,3,0,0
1,0,3,4.998034433,3,0,3,0,0
1,0,1,1.312015299,24,0,0,1,0
0,0,2,13.81230625,13,0,1,0,0
0,2,1,11.44815452,19,0,2,0,0
0,0,2,8.090390489,27,0,3,0,0
0,2,2,7.272228984,12,1,0,0,0
0,2,2,4.336285519,2,0,3,0,1
1,0,1,13.39222513,25,0,2,0,0
1,3,1,19.41336056,25,0,2,0,0
1,0,0,3.514304917,17,0,1,0,0
1,3,1,11.9423324,13,0,2,0,0
1,0,2,8.483701115,14,0,0,0,0
1,1,3,8.933774435,2,0,0,0,0
1,0,2,5.082945603,0,0,3,0,0
0,0,2,16.50269751,25,1,2,0,0
0,1,4,9.705112083,23,1,2,0,0
0,2,2,10.86811704,16,0,1,1,0
0,0,3,6.095218256,2,1,2,0,1
1,0,2,3.636169313,13,0,0,1,0
1,2,1,1.718207764,2,0,2,0,0
1,1,0,14.28238282,12,1,2,0,0
0,3,2,3.924685634,14,0,2,1,0
1,2,1,13.80150708,17,0,4,0,0
1,3,1,7.807528921,13,0,2,0,0
1,2,2,8.31549602,20,0,2,1,0
0,0,2,9.383549922,25,0,2,0,0
1,0,2,7.354170163,2,0,1,0,0
0,2,1,2.012399544,18,0,3,0,0
0,1,1,6.1926362,7,0,2,1,0
0,0,2,13.27468721,3,1,1,1,0
0,0,4,13.31568803,3,0,3,0,1
1,3,2,5.724486145,18,1,0,0,0
0,1,3,9.202052531,10,0,4,1,0
0,0,2,3.86894456,0,1,3,0,1
1,0,2,4.207441631,7,1,2,0,0
1,0,1,0.460941768,14,0,1,1,0
0,0,2,17.934931,0,0,1,0,1
1,0,2,4.214133301,6,0,1,1,0
0,0,2,4.550677539,20,1,1,1,0
0,2,2,5.592028653,19,0,2,1,0
0,0,2,2.548161434,19,0,4,0,0
0,2,1,12.78525766,23,0,2,0,0
1,2,2,1.502859064,10,1,3,0,0
0,0,1,2.684048527,26,0,3,0,0
1,1,3,12.89513453,28,0,3,0,0
1,0,1,6.79321241,13,0,0,0,0
1,2,0,14.15895653,21,1,2,0,0
1,0,2,11.14849489,15,0,3,0,0
0,1,2,5.120423461,13,0,3,0,0
1,1,2,13.01655901,11,0,4,0,0
0,0,1,2.325473606,16,0,3,0,0
1,0,2,10.72820766,13,1,1,0,0
1,1,1,8.742962101,9,0,2,1,0
0,2,3,5.357471656,23,0,0,1,0
0,0,3,12.08009995,28,1,3,0,0
0,1,2,17.42667185,13,1,2,0,0
1,0,1,19.978094,17,0,3,0,0
1,2,2,12.15525537,21,0,4,0,0
0,0,0,8.094117487,8,1,3,0,0
0,2,2,4.504142004,16,0,2,1,0
0,0,1,5.141921788,5,1,1,0,0
0,0,3,9.589099563,7,1,3,1,1
1,0,0,7.345554026,25,0,1,0,0
0,0,2,18.27629045,12,1,1,0,0
0,1,2,7.365909353,17,0,1,0,0
0,0,2,7.468891823,4,0,2,1,0
0,2,0,7.670690249,5,0,1,0,0
1,0,4,16.73240421,20,1,4,0,0
0,0,2,13.01576642,18,0,4,1,0
1,0,2,12.28337701,3,0,4,0,1
0,0,1,6.682860448,6,1,0,0,0
0,0,2,16.35808354,3,0,4,0,1
1,0,2,0.767277227,24,0,4,0,0
0,0,0,17.41594345,10,1,4,0,1
1,0,1,10.254998,11,1,3,0,0
1,1,3,7.965004697,13,1,3,0,0
0,1,1,9.943345614,12,1,1,0,0
1,0,1,13.34831061,28,0,3,1,0
1,0,2,0.25530853,9,0,0,1,0
1,3,2,17.43103713,17,0,2,0,0
1,1,0,8.934790506,15,0,4,0,0
1,1,2,6.859330394,4,0,2,0,1
1,0,1,2.764911313,7,1,1,0,0
1,2,0,8.789307487,13,0,4,0,0
1,2,0,9.926455426,4,0,4,0,1
0,1,3,8.07293389,25,0,1,1,0
0,3,1,13.57320188,27,0,3,0,0
1,0,0,8.417930575,23,0,2,1,0
0,0,2,19.22835156,7,0,2,0,1
1,2,3,11.98555036,24,0,1,0,0
1,2,1,16.14955871,25,0,0,0,0
0,0,2,2.187118062,5,1,1,0,0
1,0,0,7.945825859,15,1,0,0,0
1,0,2,6.736954029,27,0,4,0,0
1,0,2,11.38964776,3,1,3,1,1
1,2,2,17.2222704,11,0,3,0,0
0,1,1,1.566764355,10,0,3,0,0
1,0,1,1.451495961,2,0,1,1,0
1,0,1,17.00635416,11,0,4,1,0
1,0,1,4.257001721,29,1,3,1,0
0,0,0,13.37506509,4,0,2,0,0
1,1,2,10.85756265,5,1,1,0,0
0,3,4,16.6578719,18,0,3,0,0
0,2,4,2.501778197,17,0,3,0,0
1,0,3,2.595659314,15,1,3,0,0
1,2,2,11.13636721,22,0,0,0,0
0,2,2,18.92757307,10,0,1,1,0
1,2,1,8.299955167,4,0,2,1,1
0,0,2,6.538842005,8,0,3,0,0
0,0,2,12.13378646,2,0,0,0,0
1,0,2,18.60897201,29,0,2,0,0
1,0,2,16.73855666,7,0,2,0,0
0,0,1,19.90967221,5,0,3,0,1
0,0,1,0.451371664,3,0,2,1,0
0,0,3,2.257162894,11,0,2,0,0
0,2,0,12.18935527,11,0,3,0,0
1,0,2,16.41152879,24,0,4,0,0
1,0,3,5.704886846,20,0,1,1,0
1,3,2,4.784221761,15,0,1,1,0
1,3,2,15.73951599,9,0,4,1,0
1,2,1,1.127637077,21,0,2,0,0
0,3,1,7.387652952,13,0,3,0,0
1,1,3,10.11618445,12,0,3,0,0
1,3,2,11.20697349,8,0,1,0,0
1,0,2,14.57230314,6,0,3,1,1
1,0,0,7.096914469,11,0,3,0,0
1,0,0,12.25368689,4,0,2,0,0
0,0,4,11.70750846,17,0,0,0,0
0,0,1,10.95232201,3,0,4,0,0
0,1,2,12.80966586,1,0,2,0,0
1,2,0,5.188983421,2,1,3,0,1
0,1,2,1.692975072,25,0,3,0,0
0,0,3,2.385433441,11,1,2,0,0
1,2,2,4.491647653,2,1,3,1,1
1,1,1,10.00395871,3,0,4,0,1
1,0,2,16.80885501,5,0,2,0,1
0,1,2,14.02586684,11,0,2,0,0
0,0,2,15.78081208,18,0,4,1,0
1,0,3,7.019512479,9,0,1,1,0
1,3,2,8.093074833,29,1,0,0,0
0,0,3,7.87363772,0,1,4,0,1
0,0,2,3.837463688,16,0,3,1,0
1,2,1,1.224333163,15,0,4,1,0
1,2,1,11.81832186,8,0,0,0,0
0,0,1,19.78433367,24,1,1,0,0
1,0,3,3.336594099,20,1,1,0,0
0,0,2,0.933696398,8,1,3,1,0
0,1,2,15.59063364,26,0,3,0,0
0,0,1,5.051720134,22,0,2,0,0
0,0,1,16.59287611,8,0,0,0,0
1,3,2,14.07873334,11,0,3,0,0
1,1,2,18.91347074,22,1,2,1,0
0,0,1,8.178544715,8,1,1,1,0
0,1,2,13.23939679,14,0,4,0,0
0,1,0,9.297095616,1,0,1,1,0
0,0,1,12.61177395,10,0,3,0,0
0,0,2,8.99197812,10,1,3,1,0
1,2,1,3.772644928,7,0,2,1,0
1,0,4,10.15794832,22,0,1,1,0
1,1,1,10.57168403,5,0,2,1,0
1,0,1,16.21207697,20,0,3,0,0
0,0,1,14.71041412,19,1,1,1,0
0,0,2,13.27583248,6,0,3,0,0
0,0,2,2.267741911,2,0,4,0,0
0,0,2,14.41232581,7,0,4,0,0
0,0,0,10.00610313,17,0,2,0,0
1,2,0,17.88199072,16,0,3,1,0
0,3,2,18.39741868,10,0,4,0,0
1,2,3,1.103131812,1,0,2,1,0
1,2,3,16.41283121,24,1,1,1,0
1,0,0,0.753947808,20,0,1,1,0
1,3,2,7.343392514,26,0,1,0,0
0,0,3,10.84599951,23,0,3,0,0
1,3,1,2.962015973,18,0,2,0,0
1,3,3,14.92627625,6,0,3,0,0
1,2,1,0.167094083,17,1,3,1,0
0,3,3,3.371980969,7,0,3,1,1
0,1,2,11.6159366,13,0,3,0,0
0,0,3,14.28775124,6,0,0,1,1
1,0,2,18.33286205,27,0,3,0,0
1,1,1,14.10993304,20,0,2,0,0
0,0,3,13.43558541,27,0,2,0,0
1,1,1,7.886822927,26,0,0,0,0
0,3,1,0.025688511,3,0,4,1,0
0,0,2,2.403185175,16,0,4,1,0
1,2,2,10.6910909,4,0,2,1,1
1,3,3,13.50259772,11,0,2,0,0
1,3,1,8.348965678,8,0,3,0,0
1,3,2,14.61358023,25,0,1,0,0
0,1,2,10.43724591,19,1,1,1,0
0,3,0,1.483523912,12,0,3,0,0
0,2,1,3.840325019,24,0,1,0,0
0,0,1,16.79996446,27,0,2,1,0
0,0,1,14.49825493,17,1,2,1,0
1,2,4,17.89523974,19,1,2,1,0
0,0,2,2.351144982,8,0,1,1,0
0,1,2,19.80445069,3,0,2,0,1
0,1,4,4.188134279,20,1,2,0,0
1,0,1,0.235597526,26,0,2,0,0
1,1,3,19.94845878,7,0,3,0,1
1,2,2,5.621477709,0,1,4,0,1
1,0,3,13.36038905,16,0,1,0,0
0,0,1,3.533646284,24,0,3,1,0
0,0,3,11.60457064,8,1,1,0,0
1,0,1,18.08069973,19,0,2,0,0
1,3,1,6.403623349,12,0,2,1,0
0,0,2,13.40507952,1,0,2,0,1
0,1,1,3.758071776,12,0,3,1,0
1,0,2,12.49590797,8,0,2,1,0
1,0,2,6.729007036,29,0,2,1,0
1,2,2,4.224165172,19,0,3,0,0
1,2,1,6.263641014,5,1,1,1,0
0,0,0,3.57682137,27,0,1,0,0
0,0,1,18.03832216,0,1,0,1,1
0,0,2,7.943737726,27,1,1,0,0
1,0,1,4.905586099,24,0,2,0,0
1,1,1,8.96815682,4,0,2,1,0
0,0,1,6.410723336,2,1,1,0,1
0,0,0,14.88838508,3,0,0,1,0
0,0,2,19.42439824,0,0,3,0,1
0,3,3,8.760673134,13,0,3,1,0
1,3,1,17.220668,8,1,4,1,1
0,0,2,11.31726147,29,0,4,0,0
0,2,2,3.144713302,23,0,4,0,0
0,0,2,13.81245484,3,0,3,1,1
0,0,2,10.26868994,17,1,3,1,0
0,2,2,13.01213047,13,0,1,0,0
0,3,2,17.79374825,24,0,3,1,0
0,3,0,8.808691413,3,0,0,0,0
1,1,2,18.02355246,24,0,3,0,0
1,0,2,15.01338029,9,0,2,0,0
1,2,0,9.772098518,2,0,3,1,1
1,0,1,12.06444271,22,0,0,1,0
0,1,4,6.51162265,6,1,2,0,1
1,0,2,19.67194599,9,0,2,0,0
1,1,2,13.34702326,12,0,1,1,0
0,0,3,0.87693705,3,1,2,0,1
0,0,2,6.532438115,17,0,0,1,0
1,3,2,12.46628868,10,0,2,0,0
1,0,2,1.126665556,24,1,2,0,0
0,1,3,0.477683826,3,0,3,0,0
1,0,2,9.000484791,23,0,2,1,0
0,0,2,6.653803594,13,0,2,1,0
0,0,1,8.765972161,17,0,4,0,0
0,0,4,5.253866198,7,0,2,0,0
0,2,2,3.294354939,26,1,2,0,0
1,0,0,13.78286714,9,0,2,1,0
0,3,3,10.29142233,4,0,3,1,1
0,1,2,4.003084225,22,0,2,1,0
1,0,0,6.391788525,6,1,2,1,1
0,1,2,11.83615815,11,1,3,1,0
1,1,2,1.444586965,24,0,0,0,0
1,2,3,2.949060185,2,1,3,0,1
1,0,1,1.464912082,25,1,2,1,0
0,0,3,16.24634665,3,0,2,0,0
1,2,2,15.04818466,9,0,3,0,0
1,3,0,15.06625864,3,0,1,0,0
0,2,4,14.32650687,14,1,3,0,0
1,0,2,13.38770847,28,1,4,0,0
1,2,1,9.539838308,9,0,2,0,0
1,0,2,12.84556327,20,0,4,0,0
1,0,3,0.767231096,29,0,0,0,0
1,0,1,12.42928845,21,1,3,0,0
0,1,1,15.55755411,15,1,2,1,0
1,0,1,10.00716721,14,0,2,0,0
1,0,1,7.150266569,18,0,1,1,0
0,2,2,5.548534696,28,0,2,1,0
0,0,2,12.856041,19,1,1,1,0
0,0,1,13.85602397,18,0,4,1,0
1,0,1,17.419352,17,0,3,0,0
0,3,1,6.846681649,25,1,1,0,0
1,1,3,15.39544615,11,0,1,1,0
1,0,1,11.22711648,24,1,3,0,0
0,2,4,17.65672981,15,0,2,0,0
0,2,2,10.55624217,0,0,1,0,0
1,0,1,10.35259657,15,1,2,1,0
0,1,3,11.55754163,1,0,2,0,1
1,2,2,14.9863071,23,0,1,0,0
0,1,2,19.29380958,14,0,3,1,0
0,0,4,1.471267084,6,0,3,1,0
0,2,0,1.068692048,27,0,0,0,0
1,1,0,18.75100675,0,1,4,1,1
0,0,2,10.59751251,4,1,2,0,1
1,0,1,12.29806029,9,1,1,1,0
1,0,1,9.648472032,21,0,1,0,0
1,0,0,1.873149052,20,1,1,0,0
1,2,0,15.36178757,3,1,2,1,1
0,0,2,14.9444929,13,0,1,0,0
1,0,1,6.23406643,12,0,2,0,0
1,1,2,6.124784905,0,0,1,1,1
0,0,2,16.75682762,15,1,3,0,0
1,3,2,1.447145155,22,0,3,1,0
0,0,0,17.62210297,8,1,2,0,0
1,0,2,5.133233798,21,0,3,0,0
0,0,0,11.85969496,15,1,4,1,0
1,0,2,18.71988358,18,0,3,0,0
0,0,3,13.56245003,14,0,2,0,0
1,2,2,8.288596249,25,0,2,0,0
1,3,2,13.79068418,13,0,3,1,0
0,0,2,6.879592726,19,1,1,0,0
0,1,1,5.545168327,9,1,2,0,0
0,2,3,19.93366556,20,0,2,0,0
0,2,3,15.01580462,11,0,3,0,0
1,0,1,12.89439955,27,0,3,0,0
1,0,2,7.105792864,0,0,2,1,1
0,0,3,0.983216583,20,0,1,1,0
1,2,4,0.621137521,16,1,4,0,0
0,2,2,11.08362511,8,1,0,0,0
0,0,2,15.24065442,22,0,0,1,0
1,0,1,10.74758381,18,0,2,0,0
1,3,4,16.81570144,24,0,3,0,0
1,2,1,0.668530662,17,0,3,1,0
1,3,2,7.335041529,27,0,4,1,0
1,2,1,4.741407823,6,0,1,0,0
1,0,1,8.945459363,8,0,2,0,0
1,1,2,1.447527864,21,0,1,0,0
0,1,4,19.08263283,25,0,3,0,0
0,0,0,4.465108021,20,0,2,1,0
0,1,2,18.44615551,11,0,0,0,0
0,2,0,8.517863101,6,1,3,1,1
0,0,1,19.71048267,13,1,2,0,0
1,2,2,11.08116767,14,1,2,0,0
0,1,2,18.61665728,14,0,3,0,0
0,3,1,0.106979774,5,0,1,1,0
0,0,1,14.96477612,20,0,1,1,0
0,0,0,18.06101306,13,0,1,0,0
0,1,1,2.79441134,1,1,2,0,1
0,0,4,1.922517035,7,0,1,1,0
0,2,3,8.491452144,12,0,3,0,0
1,2,1,18.67357812,22,0,1,0,0
1,0,2,10.8477312,5,0,4,0,0
0,1,3,10.54912927,4,1,1,0,1
1,1,0,2.822522366,4,0,1,1,0
1,0,3,0.015790222,24,0,1,0,0
1,3,3,16.20280181,0,0,3,1,1
1,2,0,1.75149126,8,1,2,1,0
0,1,1,12.67699637,5,0,3,1,1
1,2,4,18.29232909,19,0,3,0,0
1,0,2,4.173038263,25,0,4,0,0
1,3,0,13.30545672,29,1,3,0,0
0,1,1,1.573971534,6,0,0,0,0
0,2,2,12.07510288,8,0,3,1,0
0,2,2,3.278634419,4,1,4,1,1
0,0,2,14.71907121,13,1,4,1,0
0,2,4,6.024625896,4,0,1,0,0
0,0,1,9.267820176,7,1,3,0,1
0,0,2,11.98861084,6,0,1,0,0
1,0,2,3.425468213,12,1,1,1,0
1,3,2,14.83275637,12,0,3,0,0
1,2,1,6.052806813,7,0,4,0,0
0,2,4,13.2474372,10,1,2,0,0
0,2,3,3.165661014,27,1,3,1,0
0,1,2,13.76235318,25,0,0,1,0
0,3,2,2.563761456,17,1,0,1,0
0,0,1,8.507129925,24,0,2,1,0
1,0,2,4.944121475,18,1,2,0,0
1,0,2,14.96750499,5,0,3,0,1
0,2,2,5.24070009,21,0,2,0,0
0,2,4,17.63434613,1,0,2,0,1
0,0,2,17.83640423,27,0,2,1,0
0,0,1,3.928826304,12,0,1,0,0
1,2,2,12.2769189,22,0,4,0,0
0,0,1,1.754352834,24,0,2,0,0
0,2,1,7.830741992,27,1,2,0,0
0,3,1,14.26643459,25,0,3,1,0
0,0,2,13.18846494,10,0,2,0,0
1,0,2,12.49401339,0,0,3,0,1
0,2,2,5.650817273,23,0,1,0,0
0,2,2,7.560498989,1,0,1,0,0
1,1,2,2.058922894,29,0,4,0,0
1,3,1,14.38045641,16,0,3,0,0
1,0,3,10.07777594,7,0,2,1,0
0,1,1,14.17531265,1,0,3,0,1
0,2,1,4.978870496,5,0,4,0,0
1,2,2,6.488764573,21,1,1,1,0
1,0,1,6.684306745,4,0,0,0,0
1,2,0,0.514848195,15,1,2,0,0
1,1,2,6.820957457,7,0,1,1,0
1,0,2,16.06609147,18,1,1,1,0
1,0,2,17.94596991,15,0,3,1,0
0,2,4,10.36436631,12,0,0,0,0
0,0,2,9.110033904,25,1,3,0,0
0,0,3,0.616492374,19,0,2,0,0
1,0,1,17.58408675,6,0,2,0,0
1,2,2,0.260204269,15,0,3,1,0
1,1,3,18.8950016,22,1,2,0,0
1,2,2,9.784324974,15,0,1,0,0
1,0,2,6.838689871,28,0,1,1,0
1,1,1,18.4843687,11,1,3,1,0
0,1,0,0.487819862,13,0,1,1,0
0,2,2,11.6284979,23,1,0,1,0
1,3,1,10.97865049,17,0,4,0,0
0,0,3,4.386408024,26,1,4,1,0
1,1,1,8.577748627,27,0,2,0,0
0,0,4,13.04528012,17,0,0,0,0
1,1,4,14.54262394,15,0,3,1,0
1,0,1,0.014337174,19,0,3,1,0
0,0,1,18.7370686,15,0,1,1,0
0,0,3,3.290507448,12,0,1,1,0
1,1,4,4.671608684,25,0,3,1,0
1,0,2,5.269468914,28,0,4,0,0
0,2,1,0.756402731,8,0,3,1,0
0,0,2,2.461042472,25,0,1,1,0
1,0,2,19.72699846,27,0,2,1,0
0,2,1,6.304334748,8,0,3,0,0
1,0,2,2.306021807,12,0,1,0,0
1,0,0,2.139825223,28,0,1,1,0
1,1,0,14.38919935,3,1,1,0,1
1,0,1,17.09137328,8,0,2,0,0
0,0,1,5.13904599,14,0,2,0,0
0,0,1,0.418190247,13,0,3,0,0
0,3,2,4.461800369,18,1,3,1,0
0,1,1,1.130313816,11,0,4,0,0
0,1,1,2.067898733,20,1,3,1,0
0,1,1,8.630162397,25,0,1,0,0
0,0,4,4.598367417,24,1,2,0,0
1,0,2,10.31891757,5,0,2,0,0
0,2,2,5.069875065,2,0,0,1,0
0,0,2,18.81074602,25,0,4,0,0
1,0,4,18.11887936,24,1,0,1,0
0,0,1,11.3361221,21,1,2,1,0
0,0,2,7.08847984,19,0,2,1,0
1,3,2,7.622937641,15,0,2,1,0
0,0,2,8.237045663,29,0,3,0,0
0,1,0,14.55158644,19,0,2,0,0
0,0,2,9.03277991,23,0,1,0,0
1,3,0,17.13459893,22,0,1,0,0
0,0,2,18.88189572,16,1,4,1,0
0,0,2,6.718923068,15,0,1,1,0
1,2,1,11.21388963,5,0,1,0,0
0,2,3,1.901130737,7,0,2,0,0
1,0,0,4.009380955,18,1,1,1,0
1,0,3,8.269315334,29,1,2,0,0
0,0,2,4.124054318,24,0,3,1,0
1,0,1,17.53120982,25,1,3,0,0
1,0,1,3.165725121,1,1,3,0,0
0,0,4,9.113216431,13,0,1,1,0
1,0,0,12.11398481,21,0,2,0,0
1,0,1,13.83727816,11,1,0,1,0
0,1,1,7.661387395,16,0,0,1,0
0,3,2,17.38198137,27,0,2,1,0
0,1,2,11.36638302,26,0,1,1,0
1,0,1,8.790155609,14,0,3,0,0
0,0,1,1.344812681,17,1,3,1,0
1,3,1,9.293789369,15,0,3,1,0
1,0,1,16.41471682,12,0,3,1,0
1,0,2,12.29082036,20,1,0,1,0
1,1,2,16.64324907,16,0,2,1,0
1,1,1,9.880233412,7,0,1,0,0
1,1,1,2.369234102,0,1,2,1,1
1,0,1,0.272796917,28,0,1,1,0
0,0,4,6.064390934,24,0,0,1,0
0,3,4,13.95980943,25,0,2,0,0
1,0,3,15.80519808,26,0,3,1,0
1,1,1,5.915056692,2,1,3,0,1
0,2,0,9.913078418,15,0,2,0,0
1,1,1,8.422378089,27,0,2,1,0
0,0,1,8.210455687,1,0,2,1,0
0,0,2,4.626974264,14,0,3,0,0
0,1,2,2.727422101,0,1,0,1,1
1,2,3,3.933771165,8,1,3,0,0
1,3,3,1.106647743,15,1,2,0,0
0,0,1,3.962614836,3,0,1,0,0
0,0,2,0.184017953,11,1,0,1,0
0,3,1,12.54516801,0,0,1,0,0
0,2,0,6.327508148,0,1,2,0,1
0,2,2,19.46289423,6,1,3,1,1
1,0,0,3.874341016,17,0,2,0,0
0,1,2,6.916571406,22,0,2,1,0
1,2,1,7.156823173,27,0,4,1,0
0,1,2,0.169029921,22,0,1,1,0
1,0,2,16.78415906,14,1,1,0,0
1,0,1,0.639889203,25,0,2,0,0
1,1,3,18.80359669,29,0,3,1,0
1,0,1,17.84148702,24,0,3,0,0
1,0,2,10.71043832,12,1,2,0,0
1,3,2,10.8719115,15,0,4,0,0
0,0,2,13.07555846,6,0,3,0,0
1,2,4,7.741000239,15,0,0,1,0
0,0,1,12.94444567,12,0,3,1,0
1,1,2,0.895367774,13,0,0,0,0
1,3,2,1.080952547,16,1,3,0,0
0,0,3,9.144608392,11,0,1,1,0
1,0,1,10.99244602,28,0,3,0,0
0,0,2,17.75635281,23,0,2,1,0
0,0,2,2.093212678,23,0,3,0,0
0,2,1,16.45295854,19,0,2,1,0
0,3,2,4.200946746,12,0,3,1,0
1,0,1,7.88167297,23,0,1,0,0
1,0,2,6.332048697,19,0,4,0,0
0,0,3,8.003105457,14,0,3,0,0
1,2,2,3.009909961,23,1,1,1,0
1,0,2,10.07140149,20,0,4,0,0
0,1,2,16.0328518,3,1,2,1,1
1,1,0,8.830680208,21,1,3,0,0
0,1,1,9.812271518,1,0,3,1,1
0,0,2,16.97535171,27,1,0,1,0
1,2,1,14.12116229,17,0,4,0,0
1,0,1,9.80908817,1,0,2,0,1
1,0,2,5.153912964,24,0,1,0,0
0,2,1,17.69853494,14,0,3,1,0
0,2,1,11.54040803,29,0,3,0,0
1,0,2,4.422952202,25,0,0,0,0
1,0,1,5.382395053,18,0,1,1,0
1,0,3,16.06266178,14,0,3,0,0
1,0,3,0.882911242,25,0,0,1,0
0,0,2,19.84184374,19,0,4,0,0
1,0,1,2.607033594,9,0,3,0,0
0,0,2,15.92137051,27,0,2,0,0
0,2,3,7.895506335,23,0,2,1,0
1,1,2,9.844323666,19,0,2,0,0
1,1,1,17.61301155,10,1,2,1,0
1,0,2,8.258223792,25,1,3,0,0
0,3,3,10.74987507,9,0,4,0,0
1,2,2,0.985993248,28,1,2,1,0
1,2,2,0.046949477,22,0,2,0,0
0,2,2,4.89599746,4,0,1,0,0
1,3,2,13.61166186,8,1,3,0,0
0,1,0,2.425297867,19,0,3,1,0
1,0,2,2.275239176,18,1,3,1,0
0,1,0,8.219212161,12,0,0,0,0
1,2,2,12.95674077,17,0,3,0,0
1,2,1,14.24143984,16,0,2,1,0
0,1,2,3.569013482,26,0,3,1,0
0,0,1,1.591762947,5,0,3,0,0
1,0,2,18.80794068,9,0,3,1,0
0,3,2,5.213327651,1,1,2,0,0
0,1,1,17.06692995,23,0,3,0,0
0,1,1,17.26982901,5,0,0,0,0
0,0,1,15.45045184,27,0,3,0,0
1,0,3,3.376672133,27,1,0,0,0
1,2,2,16.43602919,20,0,2,1,0
0,1,2,15.38501118,12,0,1,0,0
0,2,1,11.9344598,17,1,3,0,0
0,0,2,6.744040703,6,0,2,0,0
0,1,3,5.250172085,1,0,3,1,1
1,0,3,2.437784242,28,1,3,1,0
1,2,2,10.19514134,13,1,3,0,0
0,0,0,11.70521751,4,0,1,0,0
0,0,1,7.18677981,17,0,3,0,0
0,1,0,9.507181354,10,1,2,0,0
1,3,1,7.270289147,9,0,0,0,0
0,0,1,12.82012115,10,1,1,0,0
1,2,1,18.02518416,26,0,1,1,0
0,0,1,3.278405241,1,0,0,0,0
1,0,3,7.628176198,14,0,2,0,0
0,0,2,2.817372079,6,1,0,0,0
1,0,3,12.49887541,8,1,2,1,0
0,1,2,14.57741019,4,0,1,0,0
0,0,1,18.63825465,6,1,1,0,0
0,0,2,5.577438525,19,0,4,1,0
1,3,1,19.00422412,1,0,2,0,1
0,0,2,1.265253436,2,1,1,0,1
1,2,1,12.06027727,1,1,2,0,1
1,0,4,1.142654387,20,1,1,1,0
0,1,1,17.87548376,21,1,0,0,0
0,0,1,10.59618114,22,0,0,1,0
0,0,3,13.38696702,18,0,4,0,0
1,0,0,16.63147852,3,1,3,0,1
0,0,2,3.00621245,23,0,3,1,0
1,0,2,0.771831239,19,0,4,0,0
1,1,3,17.57762292,6,0,4,0,0
0,2,4,6.298664549,27,0,3,0,0
0,2,4,2.579578159,21,1,3,1,0
0,1,0,9.369224742,6,0,2,0,0
0,0,3,11.96612151,16,1,1,0,0
0,0,2,0.619412068,18,0,2,0,0
0,0,2,5.497913165,21,0,2,0,0
1,0,1,0.655997486,15,0,4,0,0
1,1,2,8.406707784,2,0,2,0,1
1,1,4,17.90200058,14,0,3,0,0
0,0,3,19.65304823,13,0,2,1,0
1,0,2,12.74095107,14,0,1,0,0
1,2,0,3.232753876,13,0,2,0,0
1,2,1,18.1169878,6,0,2,1,0
1,0,3,10.32495646,24,0,2,1,0
1,3,2,3.074986242,2,0,2,1,1
0,3,2,18.43453339,29,0,1,0,0
0,0,0,15.14938101,16,1,2,1,0
1,0,2,14.63410545,9,0,3,1,0
1,1,2,14.18361408,14,1,2,0,0
1,3,3,4.006796422,28,1,2,0,0
0,2,2,4.220133834,5,0,0,0,0
0,0,1,13.76585997,27,1,1,1,0
1,0,2,4.394455002,16,0,2,0,0
0,1,0,8.773433936,16,1,2,0,0
0,1,4,15.64003651,13,1,2,0,0
1,0,1,15.67905036,23,0,3,1,0
0,2,2,9.065235451,24,0,1,0,0
0,1,1,15.84379877,17,0,0,1,0
1,2,2,16.77243592,24,0,2,1,0
0,2,2,13.09551503,4,0,2,0,0
0,2,2,4.568517046,28,0,2,0,0
1,0,1,5.480235608,7,0,3,0,0
0,1,1,6.296823108,6,0,3,1,1
0,0,1,2.336082155,22,1,1,1,0
1,1,2,5.463192407,3,1,4,1,1
1,0,0,4.190384486,17,0,1,0,0
1,1,2,9.106574996,4,0,3,0,1
0,0,3,18.16875096,15,0,3,0,0
1,0,3,2.089606335,13,0,3,0,0
0,0,2,14.40535848,26,1,1,1,0
1,0,2,13.74566009,26,0,2,0,0
0,2,0,1.915083973,18,0,2,0,0
1,2,2,18.4514481,13,1,1,0,0
1,1,3,11.36944404,8,1,0,0,0
1,0,1,7.274510423,5,0,2,0,0
1,0,2,15.13077167,16,0,2,0,0
0,0,3,5.147309168,18,0,3,1,0
1,0,3,13.87019674,11,0,1,0,0
1,2,1,0.794224151,3,1,3,1,0
0,0,2,16.78816075,15,0,1,0,0
1,0,1,8.96341694,24,0,3,1,0
0,0,1,12.73385829,10,1,2,0,0
1,0,3,4.424756396,21,1,2,1,0
1,1,3,13.54147425,3,1,3,1,1
1,1,2,15.44480552,16,0,1,0,0
0,0,0,9.464263738,7,0,1,0,0
1,0,3,12.35453848,13,0,2,0,0
1,0,2,9.126518476,26,0,1,1,0
1,0,1,17.88182739,1,0,2,0,1
0,0,2,9.95738361,10,0,1,0,0
0,3,0,16.83617418,10,0,3,0,0
1,1,2,16.02704117,23,1,3,1,0
0,1,2,8.210096427,21,0,0,1,0
1,0,1,4.601689837,23,1,3,0,0
1,0,1,8.121642651,5,0,2,0,0
1,1,1,16.52434752,20,1,2,1,0
1,1,0,4.552650716,20,0,2,1,0
1,2,2,10.48872692,13,1,3,0,0
1,0,3,16.12193496,29,0,2,0,0
1,1,0,7.069549503,9,0,3,1,0
0,0,0,12.84419274,25,1,1,0,0
0,2,2,4.912631481,26,0,4,0,0
0,1,3,2.185588907,7,0,3,1,0
0,1,1,15.8876845,6,1,1,0,0
0,0,1,1.979372468,7,1,3,1,0
0,1,2,5.427627902,27,0,2,0,0
0,0,1,17.10218844,7,0,1,1,0
1,0,0,6.929385742,22,0,1,0,0
1,0,2,19.46090699,1,0,0,1,1
1,1,2,19.5946867,26,1,3,0,0
1,0,2,5.365520409,15,0,2,0,0
0,0,2,0.819564445,8,0,2,0,0
0,2,2,14.10126568,12,1,1,1,0
1,0,1,9.019730053,22,0,2,0,0
1,1,1,2.015056879,11,0,2,0,0
0,0,1,14.15045638,26,0,3,0,0
1,0,1,0.623498182,21,0,4,0,0
1,2,2,17.40393381,24,0,2,1,0
1,0,3,2.773050582,28,0,2,1,0
1,0,4,2.546237575,16,0,2,0,0
0,1,2,3.513445959,26,0,3,0,0
1,1,1,19.20532717,1,0,1,1,1
1,1,1,13.86338721,12,0,2,1,0
0,0,3,16.02743071,0,0,3,1,1
0,0,2,7.952699715,25,0,0,0,0
1,2,2,6.72625455,27,0,1,0,0
0,1,2,4.689680136,18,0,3,0,0
1,2,2,9.612960566,10,0,1,0,0
1,2,3,11.03657467,4,0,2,1,0
0,2,0,12.63549687,0,1,2,0,1
1,0,2,5.14237008,19,0,2,0,0
1,0,3,18.97308162,29,1,1,1,0
1,2,1,3.395169964,12,1,4,0,0
1,0,2,19.3130635,7,0,0,1,0
0,0,1,0.29712245,5,0,3,0,0
0,2,4,9.622513836,28,1,0,0,0
1,2,0,6.667356762,16,0,2,0,0
0,0,2,8.982468279,11,1,1,0,0
1,0,1,11.41329158,0,0,1,0,1
1,0,2,8.71178316,2,0,1,0,0
1,2,1,8.296937006,13,0,2,0,0
1,3,1,14.65446831,25,0,2,1,0
1,0,2,13.7175255,7,0,1,0,0
0,0,3,16.66542564,10,0,4,0,0
1,2,1,4.999179625,26,1,1,0,0
0,0,1,12.1905702,13,1,2,0,0
0,1,2,11.70389571,7,0,1,0,0
1,3,2,7.394756217,28,1,2,0,0
1,0,3,9.721150838,2,1,3,0,1
1,1,1,6.275642866,6,1,2,0,0
1,0,2,2.836887952,27,0,1,0,0
1,0,1,4.276024213,18,1,1,1,0
0,2,1,2.110272928,3,0,3,0,0
1,0,2,13.6613915,24,0,1,0,0
1,3,2,13.21454786,15,1,2,1,0
0,1,2,19.01212743,12,0,1,1,0
0,0,1,14.59356827,19,0,1,1,0
1,0,2,1.040916775,18,1,1,0,0
0,0,2,17.68490348,4,0,3,1,1
1,0,4,17.25350326,22,1,3,1,0
0,0,1,8.866406415,4,1,2,1,1
0,0,1,11.71726101,19,0,1,0,0
1,0,1,19.52156665,23,0,2,0,0
0,2,2,10.64608728,3,1,2,1,1
0,1,1,18.10643657,1,0,2,0,1
0,2,3,1.660775156,25,1,0,0,0
0,0,1,3.821037374,12,1,4,0,0
0,0,3,8.815098869,29,0,2,0,0
0,1,1,11.69513617,15,0,4,0,0
1,0,2,16.32455704,21,1,0,0,0
1,0,3,19.7652423,1,0,1,1,1
0,2,1,7.777029929,18,0,1,0,0
1,2,4,0.948312723,16,1,3,0,0
1,1,2,16.02343007,4,1,2,1,1
1,0,3,12.08761438,24,0,3,0,0
0,2,2,3.970857177,17,0,3,0,0
1,1,1,9.896569132,27,0,3,0,0
0,2,1,14.84620491,22,1,3,0,0
1,2,1,15.40823574,20,1,3,0,0
0,2,0,9.99236824,17,1,3,1,0
0,1,1,6.104290603,7,0,2,1,0
1,0,1,19.47485164,26,1,3,1,0
1,1,2,13.26725222,14,1,3,0,0
0,1,2,8.164750387,12,0,2,0,0
1,2,1,5.609264484,12,0,4,0,0
1,0,1,14.62205966,15,1,0,0,0
1,0,2,4.843668912,21,0,2,0,0
0,2,1,3.434199779,19,0,1,1,0
0,2,0,10.59667778,12,0,1,0,0
1,3,1,5.799747853,19,0,3,0,0
1,2,3,12.5781029,1,0,4,0,1
1,1,3,2.358773497,2,0,3,0,0
0,1,1,13.09882209,14,1,4,1,0
0,2,2,5.66593056,22,1,1,1,0
1,1,2,0.004858689,18,1,1,0,0
1,1,2,2.538721153,12,0,2,0,0
1,0,2,18.67230756,4,1,3,1,1
1,0,2,17.34709278,25,1,0,1,0
1,2,1,4.672180641,21,0,4,1,0
1,0,0,15.56743809,5,0,3,0,1
0,0,2,12.17143186,13,0,4,0,0
1,0,3,19.41809423,3,1,2,0,1
0,0,2,7.472113191,21,0,2,0,0
1,0,3,13.62921225,18,1,3,1,0
1,0,4,1.270714448,22,0,3,0,0
0,3,1,7.924946936,6,0,1,0,0
0,1,2,19.27635322,3,1,4,0,1
0,0,2,10.77961749,1,0,3,1,1
0,0,4,5.757590067,26,0,0,0,0
1,1,4,2.405419263,6,1,1,0,0
0,0,2,14.0705668,2,1,2,1,1
1,2,1,12.89712087,14,0,2,0,0
0,1,2,7.478774272,0,0,3,0,1
1,2,1,19.01882704,1,0,0,0,0
1,0,2,0.44405626,9,1,3,1,0
1,1,3,6.074477033,15,0,3,1,0
1,0,1,18.42138973,24,0,1,1,0
1,3,2,6.418708766,27,0,2,1,0
1,1,2,5.045056677,14,1,1,1,0
0,0,2,10.6844082,23,1,1,1,0
1,0,1,16.476035,14,1,2,0,0
0,0,2,2.062935218,13,0,4,1,0
0,1,3,18.86041419,21,1,1,0,0
1,0,3,15.90145762,13,0,2,1,0
0,1,1,3.625005111,5,0,1,1,0
1,0,3,14.24015922,13,1,1,0,0
0,1,2,7.699174453,16,0,2,0,0
1,2,1,8.045893562,17,0,3,0,0
0,2,0,15.66580185,19,1,0,0,0
1,2,1,19.25569616,18,0,4,0,0
1,0,3,2.533117457,29,0,0,0,0
1,0,2,8.412604738,16,0,3,0,0
1,1,2,9.618832162,15,0,3,1,0
0,0,1,7.526236339,7,1,2,0,1
1,0,2,7.263782474,6,0,1,0,0
0,0,0,1.045373351,19,1,2,0,0
0,0,1,13.71077241,27,0,3,1,0
0,0,2,8.724288342,11,0,3,0,0
1,2,1,3.895876053,8,0,2,0,0
0,0,3,16.32067005,26,1,2,0,0
0,1,1,16.05121496,13,0,3,0,0
0,0,2,9.727832562,19,1,4,0,0
1,1,2,5.969013223,0,0,3,0,1
1,0,2,12.76185452,9,1,3,0,0
0,2,1,5.763042716,16,1,2,1,0
1,2,0,4.720158606,16,1,3,1,0
1,0,3,14.61029308,16,1,3,0,0
0,3,1,0.806504794,3,0,3,1,1
0,3,3,1.895369421,16,1,2,0,0
1,2,4,0.13576348,17,0,2,0,0
0,2,1,3.05886373,19,0,2,0,0
1,0,1,1.379800174,22,0,2,0,0
1,1,2,19.91604736,1,0,2,0,1
1,0,4,5.776199399,7,0,3,1,0
1,0,3,2.985360253,12,0,2,1,0
1,3,2,4.81992516,22,0,1,0,0
1,0,2,18.72251143,24,0,3,0,0
0,2,1,10.40320446,29,0,3,0,0
0,2,4,7.296361926,21,1,2,0,0
1,2,4,17.46782916,19,1,1,0,0
1,3,1,7.899805411,21,1,4,1,0
1,0,1,6.700171399,14,0,3,0,0
0,0,1,4.145650451,19,0,1,1,0
1,0,1,7.555936478,22,1,0,0,0
0,0,3,6.33368712,8,1,2,1,0
1,0,1,13.54607919,2,1,3,1,1
1,0,0,5.791654093,2,0,1,1,0
0,2,1,11.54399493,1,0,2,1,1
0,1,4,1.317843301,0,1,2,0,1
1,0,2,3.825783134,13,0,3,0,0
1,1,2,8.148105432,16,0,2,1,0
1,0,1,18.73898508,12,1,2,0,0
0,0,4,7.545039714,18,1,4,1,0
0,2,3,13.28148242,29,0,1,0,0
0,1,1,5.101744448,22,0,1,0,0
0,2,0,2.540671519,14,1,3,0,0
0,0,0,1.170732002,26,0,1,1,0
0,2,1,6.108269971,24,1,3,1,0
1,1,2,3.153220536,13,1,0,0,0
1,1,3,3.48020896,1,1,1,0,1
0,1,2,15.21518617,6,1,4,1,1
1,2,3,0.316761419,16,0,2,1,0
1,1,2,11.15620251,17,0,3,0,0
0,1,2,7.589227612,5,0,1,1,0
1,3,2,10.131,26,0,1,0,0
0,2,1,11.25660474,20,0,3,0,0
0,0,1,6.267353889,7,0,2,0,0
1,2,2,5.902177204,27,1,2,1,0
0,0,0,14.66803699,26,0,0,1,0
0,0,1,17.42553976,1,0,2,1,1
0,1,2,3.851632649,0,0,3,1,1
0,3,4,1.952375211,15,0,3,0,0
0,3,2,17.95591613,6,0,3,1,0
0,0,3,6.997909273,21,0,3,0,0
0,1,2,11.02634781,23,0,2,1,0
0,0,2,7.19086289,10,1,2,0,0
1,3,2,2.516046727,14,1,3,1,0
1,3,3,11.7866329,12,1,1,1,0
1,1,2,10.50281704,29,0,1,1,0
0,2,2,4.059871184,23,0,4,1,0
0,2,2,9.037380893,1,0,0,0,0
1,1,2,15.93895008,13,0,1,1,0
1,0,1,11.80852206,23,0,2,0,0
1,0,0,1.938346541,5,0,3,1,0
0,1,0,10.96042994,8,1,2,1,1
1,1,3,14.05476599,27,0,2,0,0
1,0,1,15.85406812,6,0,4,1,1
0,3,1,12.58235157,17,0,3,0,0
1,0,2,3.053163291,23,0,3,1,0
0,1,1,14.20346533,8,1,0,1,0
0,1,2,13.54683692,22,0,1,0,0
0,1,1,0.488537659,3,0,2,0,1
1,1,4,8.234953352,8,0,1,0,0
1,0,3,6.659004939,3,0,0,1,0
0,0,3,13.38824129,11,0,1,1,0
1,1,2,4.322716246,3,1,2,0,1
1,1,2,11.81743846,24,1,3,1,0
1,0,1,18.26411924,29,1,3,0,0
1,2,0,15.95604744,23,0,0,0,0
0,0,0,18.42915472,19,0,2,0,0
1,1,2,19.57011934,13,0,1,0,0
0,2,2,0.21340254,23,1,2,0,0
0,0,2,12.45482553,23,1,2,0,0
1,0,0,8.256787955,6,1,2,0,1
0,2,2,17.19708981,25,0,3,1,0
1,1,2,5.03629404,12,0,3,0,0
1,1,2,19.62058978,21,0,3,0,0
0,2,2,12.27415939,7,0,3,0,0
0,2,1,15.87074804,22,0,3,0,0
0,3,3,1.711991056,4,0,3,0,0
0,1,2,3.669157695,11,1,2,0,0
1,0,1,15.16807346,12,0,2,1,0
1,0,1,0.439730441,28,0,3,1,0
1,0,2,16.33755972,19,0,0,0,0
0,1,3,0.278980374,13,0,3,0,0
0,0,2,13.14237678,27,1,4,0,0
0,3,1,7.301878405,17,0,3,0,0
1,1,3,12.22989705,26,0,0,1,0
0,1,2,13.92062814,23,1,2,1,0
1,0,2,6.849504384,24,0,3,1,0
0,0,2,2.159248962,19,0,4,0,0
1,0,1,1.392917355,3,1,2,1,1
1,0,2,11.77872045,20,1,3,0,0
0,0,1,10.41310707,17,0,3,0,0
0,1,4,14.84402018,6,0,1,0,1
1,2,2,10.1947102,14,0,3,1,0
1,2,2,8.448915801,20,1,2,1,0
0,1,2,7.961743565,5,0,2,0,1
0,0,3,0.528938052,15,1,2,0,0
1,2,3,6.711144034,19,1,3,1,0
0,2,2,19.52040315,23,1,3,1,0
1,0,2,17.47111152,7,0,2,0,1
1,2,2,6.587561341,27,0,3,1,0
0,0,2,11.7559081,20,0,3,0,0
0,2,1,16.94593491,15,1,3,1,0
0,3,2,8.825486735,27,0,2,0,0
0,0,1,0.359157275,21,0,0,0,0
0,2,3,1.490209236,15,0,2,1,0
1,1,1,10.20785443,2,0,3,1,1
1,3,4,19.38878751,16,0,1,0,0
0,0,2,13.86419084,8,0,4,0,1
0,2,2,1.418323829,24,0,3,0,0
0,0,2,3.787217516,2,0,3,0,0
1,0,1,15.42646286,19,0,3,1,0
0,0,1,16.8287952,28,1,2,0,0
0,3,0,12.35389172,6,1,3,1,1
1,2,2,12.88846339,17,0,2,0,0
1,2,2,0.566749008,11,0,3,1,0
0,3,2,16.57060519,18,1,3,0,0
0,0,1,15.76550416,15,0,3,0,0
0,0,1,5.180702882,21,0,3,0,0
1,0,2,14.1735344,26,0,0,1,0
0,0,3,4.297092128,23,0,0,0,0
0,0,2,0.806603221,16,0,3,0,0
0,0,2,4.022730852,19,1,1,1,0
1,0,2,3.572577535,14,1,2,1,0
1,0,0,6.754959935,0,0,2,1,1
0,0,4,8.368989944,1,0,0,0,0
0,0,2,10.17077783,7,0,0,0,0
1,3,1,9.53507751,21,0,3,1,0
1,2,2,5.413492119,24,0,3,0,0
1,3,1,0.583413371,1,0,2,0,1
1,0,4,12.10203244,18,1,4,0,0
1,0,1,7.914896597,8,0,1,1,0
1,2,2,5.973443148,8,1,1,0,0
1,0,1,17.33882086,12,0,3,1,0
1,0,2,14.93486616,5,0,3,0,1
1,0,2,17.15531097,29,0,2,1,0
0,0,2,9.899655894,14,0,4,1,0
0,0,2,2.618625043,18,1,4,0,0
0,0,3,13.92442872,20,0,0,0,0
1,1,0,4.121475599,14,0,1,1,0
0,0,1,8.824593382,17,0,3,0,0
1,0,1,1.300015779,6,0,2,1,0
1,2,4,16.50616805,25,0,0,1,0
0,0,1,2.518812821,10,0,3,0,0
1,0,2,18.06195014,7,1,2,0,0
0,2,2,17.28461205,5,1,2,0,1
0,0,1,9.291655289,7,0,1,1,0
0,0,1,14.88736409,1,0,3,0,1
1,0,1,12.38890148,18,0,2,1,0
0,0,2,16.06151285,15,0,1,1,0
1,1,1,8.636102016,6,1,2,0,0
0,2,0,15.71616968,9,1,2,0,1
0,0,3,9.249136341,11,0,4,0,0
0,1,4,18.81931576,16,0,4,1,0
1,1,1,9.727442017,6,1,1,0,0
1,0,1,9.252385439,21,1,3,0,0
1,1,0,15.70143723,7,0,3,1,0
0,0,2,16.43155384,6,0,3,0,1
0,0,3,11.08978229,3,0,2,0,0
1,0,1,3.59595627,2,1,0,0,0
1,0,1,9.355164619,18,0,3,1,0
1,0,2,19.36145006,14,1,1,0,0
1,2,2,15.05972386,3,0,1,0,0
1,0,0,16.22325208,24,0,3,1,0
1,0,2,0.656509976,8,0,4,0,0
0,0,1,9.357189253,12,1,1,1,0
1,2,1,12.93242267,17,0,3,0,0
0,1,2,16.60065367,20,1,2,0,0
0,1,3,0.985473072,15,0,3,0,0
1,2,2,17.04877771,0,1,2,0,1
1,2,3,10.96801873,3,1,1,0,1
0,0,2,3.946279412,17,0,1,0,0
1,1,2,6.345104329,7,1,2,0,0
1,2,2,5.638591035,19,0,1,0,0
0,3,3,10.61718069,15,0,0,0,0
0,2,3,1.033713598,20,0,3,0,0
0,0,0,3.17072317,10,1,2,0,0
1,0,3,16.25386087,19,1,3,1,0
0,0,3,2.652079815,20,0,1,0,0
1,2,2,4.667925389,20,1,3,0,0
0,0,1,9.067412112,20,0,2,1,0
0,0,3,10.34241776,26,1,0,0,0
0,2,3,15.27220959,18,0,2,0,0
1,0,1,8.946648533,22,0,0,0,0
1,2,4,15.79729242,18,0,3,1,0
0,0,0,12.36692614,17,0,3,0,0
0,0,1,2.261994788,18,0,2,1,0
0,0,2,3.126628768,10,0,1,1,0
1,2,2,8.740674509,2,0,1,0,0
0,0,2,7.937787862,7,1,2,1,0
1,0,0,14.87088539,19,0,3,0,0
0,3,4,11.6147428,18,1,1,0,0
0,0,0,7.76266162,9,0,0,0,0
0,1,1,3.415205669,15,0,2,1,0
0,1,0,4.536742047,4,0,2,0,0
0,0,2,11.51002037,19,1,1,0,0
0,1,3,8.468776098,8,1,2,1,0
1,0,2,10.29855018,7,0,2,1,0
0,1,3,3.413548706,10,0,2,1,0
1,0,0,13.25812505,15,0,2,0,0
0,1,2,17.05077482,6,0,3,0,0
0,0,2,5.158790136,14,1,0,0,0
1,1,2,9.830284517,23,0,1,1,0
0,0,0,19.51054658,28,0,2,0,0
1,0,2,6.664834811,20,1,2,1,0
1,0,2,11.9009269,19,1,2,0,0
0,0,2,1.803914004,22,0,3,1,0
1,2,2,12.12030005,16,0,3,1,0
1,0,1,1.792635466,5,0,1,1,0
0,3,2,19.18470871,14,0,3,0,0
1,3,1,14.31325304,7,0,2,0,0
0,1,3,15.76319576,6,1,1,0,1
0,0,2,14.08208722,1,1,4,0,1
0,0,1,11.79458072,29,0,3,0,0
0,2,4,8.998255622,12,0,4,1,0
1,0,2,17.1674676,29,0,1,0,0
0,0,0,19.13671335,22,0,1,1,0
0,1,2,9.980723458,28,0,2,0,0
1,2,1,18.63070098,5,0,3,0,1
0,2,3,11.6666582,28,0,1,0,0
0,0,3,10.76768374,4,0,3,1,1
1,1,4,9.089654659,19,0,2,0,0
1,0,2,4.185755231,0,0,2,1,1
1,0,2,0.074393216,28,0,3,0,0
1,2,2,4.830124537,17,0,3,1,0
1,0,1,10.19446343,14,0,0,0,0
1,0,2,7.599199045,22,0,4,0,0
1,0,2,8.96970456,9,0,2,1,0
0,2,0,19.61296439,2,1,0,1,1
1,2,2,7.005447413,4,0,3,0,0
1,1,3,9.043658787,23,0,4,1,0
1,2,3,2.670311027,28,0,3,0,0
0,0,0,0.959154649,12,0,3,1,0
0,0,0,15.50819029,7,1,3,0,1
1,0,1,11.4136635,21,1,4,0,0
1,0,3,15.21409612,20,0,0,0,0
1,0,1,2.997255978,28,0,3,1,0
0,3,2,11.43657542,1,0,3,1,1
0,0,1,5.072849487,8,0,0,0,0
1,0,2,4.561236338,16,0,2,1,0
0,0,1,0.230520281,26,0,2,0,0
1,0,2,2.606814471,17,0,3,1,0
0,3,1,6.18536223,12,0,0,0,0
0,0,2,2.337575212,0,1,3,0,1
1,0,1,19.71716881,11,0,1,0,0
1,2,2,6.17265297,19,0,2,0,0
1,0,3,2.606478934,19,0,3,0,0
1,0,1,3.981646257,20,0,2,1,0
0,0,3,11.75406457,4,1,2,0,1
0,1,2,1.280870477,7,0,0,1,0
0,3,1,17.2486826,26,1,3,1,0
1,2,2,19.22999358,14,0,4,0,0
0,0,1,4.934948413,26,1,4,0,0
1,2,2,9.001905372,2,1,3,1,1
0,0,2,0.442689021,5,0,1,1,0
1,0,1,12.81420449,27,0,1,1,0
1,0,2,8.278521161,12,1,1,1,0
0,0,3,5.401169322,11,0,2,0,0
1,1,3,4.136742212,18,0,1,1,0
1,1,2,13.08046155,28,0,1,0,0
0,3,4,8.324340621,17,0,3,0,0
1,1,2,3.593185781,23,0,2,1,0
1,1,1,13.78218163,0,0,3,1,1
1,0,3,11.30144566,24,0,4,1,0
0,0,2,17.1734411,26,0,3,0,0
0,1,2,2.349517978,6,1,3,1,0
1,0,2,15.71333204,11,0,3,1,0
0,2,3,13.47033574,9,1,2,1,0
1,0,3,2.300218737,28,1,0,0,0
1,0,2,13.8964146,11,1,0,1,0
1,0,1,8.830945778,10,1,1,0,0
1,0,2,18.89969571,3,1,3,1,1
1,0,2,2.832227012,18,1,4,1,0
0,2,1,12.85666782,5,0,4,1,1
1,0,2,7.639600909,24,0,0,0,0
0,1,2,19.13629341,8,1,4,0,0
0,0,1,6.599497906,19,0,2,0,0
1,0,1,19.24371819,9,1,3,0,0
1,0,1,18.02971702,4,1,1,1,1
0,2,3,5.407664706,26,0,0,0,0
0,0,1,16.07083554,12,1,2,0,0
0,2,1,19.91208404,8,0,3,1,1
1,0,2,5.053260043,1,0,1,0,1
0,2,1,8.735543386,17,0,1,1,0
1,0,0,10.40361473,20,0,4,0,0
1,1,1,5.898622716,0,0,4,0,1
1,1,2,0.305296793,23,0,0,1,0
0,3,2,4.402584884,20,0,3,0,0
1,0,1,5.638737687,11,1,2,0,0
1,0,2,8.871994026,9,0,2,0,0
1,0,4,3.422049568,1,0,2,0,1
1,2,1,17.46508713,27,0,2,1,0
1,1,1,14.09822265,8,1,2,1,0
0,2,1,1.704009551,1,1,2,0,0
1,0,2,13.00184902,22,0,2,1,0
1,0,2,13.07312953,23,0,3,1,0
0,0,1,19.12442347,29,1,3,1,0
1,3,2,0.060417427,21,0,2,0,0
0,1,0,4.958648996,13,0,1,1,0
1,3,2,18.55582959,10,0,3,0,0
0,0,2,18.64267831,22,0,3,1,0
0,1,1,14.41172839,10,1,3,1,0
1,1,2,15.31526642,16,0,2,0,0
1,0,1,1.829659159,3,0,1,0,0
1,2,2,10.2775167,12,0,3,0,0
0,3,0,4.631659826,6,1,2,0,0
0,2,3,3.624360872,15,1,4,0,0
0,2,1,16.20606598,0,1,3,1,1
1,0,3,2.700762734,12,0,1,0,0
0,0,1,9.37303274,0,0,2,0,1
0,3,2,18.77156479,10,1,3,0,0
1,0,1,3.716641111,5,0,2,0,0
0,2,3,19.55986847,19,1,2,0,0
0,2,1,19.88575972,2,0,3,1,1
1,1,1,11.11234309,11,0,3,0,0
0,3,2,3.402854804,4,0,1,1,0
1,0,0,6.322097759,8,1,2,0,0
1,0,1,8.489856654,25,1,4,1,0
1,0,3,6.186484487,25,0,4,0,0
1,0,4,5.612711598,11,0,3,1,0
1,0,1,19.44459418,29,1,4,1,0
0,0,3,3.067296548,29,0,2,1,0
0,2,2,14.66655817,27,1,2,1,0
1,3,1,0.008205789,26,0,2,1,0
1,0,2,11.92365339,9,0,1,1,0
0,0,2,18.31886008,18,0,2,1,0
1,3,4,5.758681882,4,0,2,1,1
1,0,1,3.710519505,25,0,3,1,0
1,0,2,13.0335959,4,0,3,0,1
0,0,0,14.25202815,8,0,3,0,0
0,1,1,13.76061038,26,0,2,1,0
1,0,0,6.3863376,27,0,1,0,0
1,3,4,5.044048043,25,1,2,1,0
0,0,3,19.118376,26,0,3,0,0
0,1,2,18.46599017,19,0,1,0,0
1,0,2,9.146332198,16,0,2,1,0
1,0,1,16.92387732,9,0,2,0,0
0,1,1,9.046469553,20,1,3,0,0
0,2,1,8.487780361,0,0,3,0,1
0,2,1,3.135258952,21,1,3,0,0
1,1,2,8.52812113,27,0,2,1,0
0,3,2,10.74833877,15,0,2,0,0
1,2,0,0.450086549,25,0,1,1,0
0,2,0,8.882260104,25,1,1,0,0
0,0,1,15.62712437,14,1,1,1,0
0,0,2,13.60092113,22,0,1,0,0
0,0,3,12.70313978,16,1,1,0,0
1,1,2,18.19110857,25,0,1,0,0
1,0,3,0.360640197,19,1,1,0,0
0,0,2,11.14095172,24,0,3,0,0
1,2,1,15.74697697,12,0,4,1,1
0,2,1,10.82670765,0,0,3,0,1
0,3,3,6.477911052,24,1,0,0,0
0,0,2,2.725011302,7,1,2,0,0
0,1,1,17.75126144,4,1,3,1,1
1,0,2,9.415247848,5,1,1,0,1
0,0,2,17.56230394,22,0,3,0,0
0,0,2,11.71704245,19,1,2,0,0
1,0,3,13.48384233,29,1,4,1,0
0,0,2,16.08522309,13,0,3,1,0
0,2,2,13.18311089,21,0,3,0,0
0,0,0,7.961096814,22,0,3,0,0
1,2,0,10.27266768,10,1,1,0,0
0,1,1,16.06091049,5,1,1,1,0
1,0,0,7.473005927,10,1,2,0,0
0,0,2,7.762429135,12,1,1,1,0
0,0,2,1.913802321,11,1,1,0,0
1,1,1,18.2916887,21,1,2,0,0
0,0,3,1.820726299,1,1,3,0,1
0,0,1,12.96418355,20,0,0,1,0
1,0,1,8.263889576,2,0,1,1,0
1,1,1,8.112387805,22,0,2,1,0
1,3,1,13.59103673,3,1,2,0,1
1,0,1,1.341874653,16,0,1,0,0
1,2,2,11.87411566,27,0,4,0,0
0,1,2,15.44063572,27,0,2,0,0
1,3,4,16.56425516,21,0,2,0,0
0,2,0,3.410607788,5,0,0,0,0
0,1,1,17.948381,6,0,2,0,0
0,1,0,13.12292184,14,0,3,0,0
1,2,2,17.63709602,10,0,1,1,0
1,0,0,9.705614342,23,0,2,0,0
0,0,3,10.8406669,2,0,0,1,0
1,0,2,18.38076554,29,0,4,0,0
1,2,2,17.99819087,5,0,0,1,1
1,2,2,8.963217467,25,0,3,0,0
1,0,1,5.488252633,1,0,2,0,0
0,1,1,7.863408691,28,1,2,1,0
0,0,1,7.755286571,13,0,3,0,0
1,0,2,5.7373375,8,0,1,1,0
0,3,1,5.371592087,17,0,2,1,0
1,0,1,17.22125873,18,0,2,0,0
1,0,4,1.397238414,11,0,0,1,0
0,1,0,13.55222364,12,0,3,1,0
0,2,3,3.456401029,25,0,0,0,0
0,0,2,6.890117868,11,0,3,1,0
1,1,1,1.230860683,11,0,2,1,0
0,1,1,5.399472737,17,1,1,0,0
1,0,1,15.36842142,8,0,3,0,0
0,0,2,17.70030649,16,1,2,0,0
0,1,2,4.430543038,20,0,2,1,0
1,0,2,9.270956785,15,0,2,1,0
1,3,3,9.406480959,16,0,1,1,0
1,2,2,17.47150612,20,1,3,0,0
1,3,1,15.25598106,23,0,2,0,0
1,0,1,10.26154437,7,0,1,1,0
1,3,3,13.41494401,10,0,3,0,0
1,0,1,16.94710108,23,0,0,1,0
1,0,0,0.190779081,1,1,1,1,1
0,0,2,8.057800621,7,0,2,0,0
1,0,2,18.14486335,11,0,3,0,0
1,1,3,14.80626062,20,0,4,0,0
0,0,2,10.85682749,0,0,3,1,1
1,0,0,10.59289054,22,0,2,1,0
0,1,3,6.955401952,12,0,3,1,0
0,0,1,10.41041067,21,0,2,0,0
1,1,1,13.10766399,20,1,1,0,0
0,0,2,8.367260769,16,0,4,1,0
1,2,0,14.28306293,13,1,1,0,0
0,2,2,17.22464455,13,0,2,1,0
0,0,1,3.093696964,15,0,3,0,0
0,0,2,9.030940456,16,0,3,0,0
1,0,1,8.160401826,5,1,0,0,0
1,2,2,13.74929608,25,0,0,0,0
0,0,3,4.997349305,27,0,2,1,0
0,0,1,12.8050183,6,0,2,0,0
1,0,1,17.54978483,25,1,2,1,0
1,0,1,8.362631996,25,0,2,0,0
0,0,1,18.220314,0,0,4,0,1
0,2,2,19.86327478,24,0,1,0,0
1,0,2,2.121840999,14,1,2,0,0
1,0,1,4.66106376,19,1,2,0,0
1,2,1,19.00759503,20,0,1,1,0
1,2,1,19.16655373,17,0,1,0,0
1,0,2,1.954145508,29,1,4,0,0
0,0,1,0.299970008,27,1,3,0,0
1,0,4,3.222000465,25,0,1,0,0
0,3,2,19.92025567,12,1,3,0,0
1,0,1,3.599992332,23,0,1,1,0
0,3,2,10.05095213,29,0,3,0,0
1,1,3,16.96835453,1,1,0,0,1
1,1,2,0.408032214,18,0,3,1,0
0,0,1,12.08977965,14,1,0,0,0
0,0,1,5.540508977,11,0,2,0,0
1,0,3,17.24669833,14,0,3,0,0
1,0,2,5.669222985,24,1,1,0,0
1,1,2,13.73511441,17,0,2,0,0
1,3,3,13.48439265,13,0,0,1,0
1,1,3,4.429870977,5,1,3,1,1
0,2,3,0.695983997,11,0,2,1,0
0,0,0,8.184991476,19,0,2,0,0
1,0,2,5.783863039,22,1,4,1,0
0,0,2,16.17955499,29,0,2,0,0
0,1,2,16.00728377,29,1,0,0,0
0,3,2,9.140479044,5,1,3,0,0
1,1,1,12.13024451,25,0,3,0,0
0,0,2,12.08519032,29,0,4,1,0
1,0,2,16.54316297,8,1,1,1,0
0,1,0,8.500048282,29,0,2,1,0
1,0,2,5.508933596,24,0,3,1,0
0,2,1,5.300698363,25,0,3,1,0
1,2,1,10.72384559,3,0,3,0,1
1,1,0,8.982964055,16,0,1,0,0
0,0,2,8.80241542,1,1,1,1,1
1,0,2,1.822746782,15,1,1,0,0
1,0,2,14.37207481,23,0,4,1,0
1,0,2,4.27473376,13,0,1,0,0
1,0,3,3.939072604,25,0,2,0,0
1,1,1,8.255166406,7,0,2,0,0
1,1,1,4.555566832,13,1,2,1,0
1,0,3,11.67716535,1,1,2,0,1
1,0,1,7.429266787,15,1,3,1,0
0,0,4,8.978234452,3,0,2,0,0
0,0,3,10.74338643,0,0,1,1,1
1,2,2,4.07071045,22,0,2,0,0
1,0,4,3.115032457,19,0,3,0,0
0,0,0,17.60843806,26,0,4,0,0
0,0,1,8.674474057,13,1,3,0,0
0,2,2,8.241872193,7,1,3,0,0
1,1,1,0.712243005,24,1,2,1,0
0,0,3,9.959526052,27,1,3,0,0
1,1,0,11.08339443,24,0,4,0,0
1,2,2,11.17681742,2,0,2,0,1
0,3,2,14.14062339,4,0,0,0,0
1,0,2,3.5496367,5,0,4,0,0
1,2,1,5.044462685,21,0,3,0,0
1,3,1,16.2146093,25,1,2,0,0
1,3,3,18.94341234,7,0,4,0,1
0,1,1,2.718654947,5,0,2,0,0
0,1,3,9.95299109,5,0,2,1,0
1,0,2,4.283525055,3,0,3,0,1
1,2,2,1.201463367,6,0,1,0,0
0,1,2,6.510066763,29,0,3,0,0
1,1,1,2.873752504,29,0,1,0,0
0,0,2,14.19866147,23,1,1,0,0
1,2,3,10.67450827,18,0,2,1,0
1,2,2,2.87668942,6,0,2,0,0
0,0,4,0.184831768,2,0,1,1,0
0,2,2,16.16314098,7,1,4,0,1
0,1,1,3.523888123,0,0,2,1,0
0,2,1,12.12433284,0,1,1,1,1
1,0,4,6.738438262,13,1,2,0,0
0,0,1,11.70971877,5,1,3,0,0
1,3,3,6.31307254,9,0,2,0,0
0,0,3,1.738791214,24,0,1,1,0
0,2,1,4.459000171,27,0,1,0,0
1,0,0,3.76117133,13,0,2,0,0
0,1,2,8.560387049,3,0,2,0,0
0,0,1,13.16567567,5,1,3,0,1
0,1,2,5.276121499,15,1,4,1,0
0,0,2,0.241398706,27,0,1,1,0
1,0,2,10.37874729,20,0,3,0,0
1,0,2,12.11518979,27,1,4,0,0
0,0,1,19.25740988,0,0,4,0,1
0,3,2,11.78941606,5,0,4,1,1
0,3,1,9.423451188,8,0,3,1,0
1,0,1,11.46803252,14,1,2,0,0
1,2,2,18.5580126,11,0,2,0,0
1,0,3,16.56756291,2,1,2,1,1
1,1,1,6.459574667,10,0,3,0,0
0,2,2,4.745087273,14,0,2,0,0
0,3,2,5.252672247,2,0,1,0,0
0,0,1,10.08842079,13,0,1,0,0
1,2,1,14.88098902,1,0,3,0,1
0,0,3,10.06438414,28,0,3,1,0
1,3,2,1.355927917,3,1,2,0,0
1,0,2,14.47161401,25,0,1,0,0
0,1,2,16.11940257,18,1,3,0,0
0,1,0,5.789957302,11,1,0,1,0
0,1,2,13.28251479,1,1,2,0,1
1,0,2,8.531838021,16,1,2,0,0
1,3,2,17.78238711,2,0,4,0,1
0,0,1,16.90451116,9,0,2,1,0
0,1,0,10.50863997,15,1,2,0,0
1,0,1,13.83011092,21,1,3,0,0
0,0,4,17.66699402,8,1,2,0,0
1,1,2,9.914340202,10,0,1,0,0
1,0,2,6.26501481,20,0,2,1,0
0,0,0,15.07332276,14,0,4,1,0
0,0,0,4.401325096,2,1,2,0,1
0,0,2,7.77062296,15,0,3,0,0
0,2,2,17.31454474,29,0,4,0,0
1,2,2,14.48844681,20,0,3,0,0
1,0,1,8.076220105,20,0,3,1,0
1,0,2,4.294890048,20,0,3,0,0
0,0,1,7.119367817,27,1,4,0,0
1,0,1,5.682082985,11,1,4,1,0
0,1,2,3.521785759,22,0,4,0,0
0,1,1,14.86665827,4,0,3,0,0
0,0,1,5.041397737,6,1,2,1,0
0,0,2,9.083349403,8,0,1,1,1
0,0,2,7.717188937,20,1,2,1,0
0,2,3,19.64154757,17,0,4,1,0
1,3,2,7.821844883,20,0,3,0,0
0,0,0,1.599649656,7,0,2,0,0
1,0,1,1.796515051,11,1,2,0,0
1,2,4,11.81507443,19,0,2,1,0
0,3,2,11.98727103,1,0,2,0,0
0,0,2,8.37517981,9,0,3,0,0
0,0,0,8.636873846,18,0,2,1,0
1,0,2,1.078651657,8,0,1,0,0
0,1,0,10.33093021,24,0,2,0,0
1,0,2,10.09478951,23,0,1,0,0
0,0,3,2.990986371,7,0,4,0,0
0,1,4,2.076787722,23,0,2,0,0
1,0,2,2.471449812,23,0,4,0,0
1,2,2,2.02056493,23,0,1,0,0
0,0,3,12.19416391,0,0,1,0,0
1,0,2,3.929653048,5,0,3,0,0
1,1,0,5.028603044,11,0,3,0,0
1,0,2,3.471442883,24,0,2,0,0
1,3,1,19.15670609,23,0,1,0,0
1,1,2,17.09234926,18,0,0,0,0
0,0,2,4.609896747,26,0,3,1,0
0,2,2,6.551325878,16,0,1,1,0
1,0,1,4.197856846,1,1,2,0,0
0,3,1,9.837519189,10,1,3,0,0
0,0,2,0.392210649,17,0,0,0,0
1,1,3,13.42736018,22,0,1,1,0
0,0,2,10.463163,27,1,0,1,0
1,0,1,17.97277857,21,1,4,0,0
1,2,3,3.287853687,10,0,2,1,0
0,2,3,16.08218492,17,0,4,1,0
1,0,1,15.83922029,7,0,1,0,1
1,0,0,2.543623784,14,0,3,0,0
1,2,2,7.971184483,8,0,1,0,0
1,3,3,3.403052823,14,0,2,0,0
1,0,4,5.094410009,6,1,3,0,0
0,0,3,5.264923497,19,0,3,1,0
0,0,2,11.12472788,12,0,3,0,0
1,2,2,8.228218635,12,0,3,0,0
1,0,0,18.95465608,0,0,1,1,1
0,0,1,2.527402839,19,0,2,0,0
1,2,2,19.4738427,3,0,2,0,1
0,0,2,4.612772804,23,0,3,0,0
1,0,2,15.45747873,3,0,1,0,1
1,0,2,6.779398523,3,1,4,0,1
1,0,1,2.861627908,12,0,2,1,0
1,0,2,17.1577837,1,0,3,0,1
1,1,0,6.177217985,27,0,1,0,0
1,0,2,13.17710808,25,0,2,0,0
1,1,2,11.3288737,22,0,3,1,0
0,2,2,9.435126188,14,0,2,1,0
0,2,4,9.916389453,3,0,4,1,1
0,0,1,14.64475828,26,0,3,0,0
1,0,2,1.755458282,5,1,2,1,0
1,0,1,13.36361324,2,0,3,1,1
1,0,2,17.91624203,6,0,3,1,1
1,0,3,1.15576394,5,0,3,0,0
1,1,2,2.813066785,2,1,1,0,1
1,0,3,14.33263873,3,0,2,0,1
1,0,1,8.745632965,9,0,3,0,0
0,0,3,8.070972416,29,1,3,1,0
1,1,0,2.739332691,20,0,2,0,0
0,0,3,10.13540081,8,0,1,0,0
0,1,1,2.530906224,29,0,2,0,0
1,0,1,9.532409126,5,1,0,0,0
1,2,2,15.27230598,28,1,3,0,0
0,2,3,5.165287158,19,1,3,0,0
0,0,0,9.615723364,26,1,2,1,0
1,0,1,19.84031939,10,1,3,0,1
1,0,3,13.73300847,6,0,2,1,0
0,0,1,16.82713543,17,1,3,0,0
1,1,1,8.296952131,3,0,1,1,0
1,2,2,15.35721846,4,0,2,0,0
1,1,1,0.810183459,3,0,3,0,1
0,2,3,2.458223651,3,0,1,0,0
0,0,2,4.061411858,26,1,2,0,0
0,0,2,8.039038492,12,0,2,0,0
1,2,4,16.91489757,15,0,1,1,0
1,0,2,6.925321016,24,0,1,0,0
0,1,0,13.09242387,13,1,1,0,0
0,0,1,14.1862859,10,0,4,1,1
0,0,2,11.72364708,28,0,3,0,0
1,3,1,7.144839363,1,0,2,0,0
0,0,3,11.54106683,21,0,3,1,0
0,3,2,6.845311856,13,0,0,0,0
1,3,1,1.677474771,23,0,2,1,0
1,2,2,19.85607956,23,1,1,1,0
1,1,2,2.543649073,26,0,1,1,0
0,1,3,1.446967677,6,0,3,1,0
1,2,3,17.57061498,25,0,1,0,0
1,0,2,6.036693218,10,0,3,0,0
0,0,2,13.00593948,3,0,2,1,0
1,1,2,6.580114593,6,0,0,0,0
0,0,2,7.829085416,28,0,3,0,0
0,0,1,5.24225944,15,1,2,1,0
1,0,1,6.860880116,25,0,2,0,0
1,1,2,8.214008012,5,0,1,0,0
1,2,1,14.40832138,26,0,0,0,0
1,0,0,10.23072388,5,0,4,0,1
1,3,2,18.87130434,1,0,2,0,1
1,1,0,0.837607877,23,0,0,1,0
0,2,2,10.06136645,7,1,3,1,0
0,1,2,11.68449578,29,0,1,1,0
1,2,4,18.40393972,26,0,1,0,0
0,0,2,0.983170472,6,1,1,0,0
1,2,0,11.4699917,26,0,2,0,0
0,0,2,17.07259857,24,1,0,0,0
0,2,3,4.838554562,23,0,2,0,0
0,3,4,17.52584697,13,0,3,0,0
1,0,2,0.380868185,8,0,1,0,0
0,0,1,14.64909258,14,1,2,0,0
1,2,3,18.66226442,24,1,2,1,0
0,0,1,13.14395323,21,0,2,0,0
0,2,2,8.78058488,17,0,4,1,0
0,0,2,0.897620329,11,0,2,0,0
0,0,0,18.40227627,22,0,0,0,0
0,3,1,9.405924454,18,0,2,0,0
1,1,1,0.579934887,12,0,1,0,0
1,2,2,13.79642143,6,0,3,0,0
0,0,3,9.636745072,24,0,0,0,0
0,1,1,2.486906349,9,0,1,1,0
0,1,3,4.285436186,29,1,2,0,0
0,1,0,1.289813609,9,1,1,0,0
1,1,2,11.48587079,1,0,2,0,1
0,1,0,12.44058959,13,1,1,0,0
1,0,3,10.11484597,12,0,4,1,0
0,0,2,16.34204266,21,1,1,0,0
1,2,2,17.22017643,28,0,4,0,0
0,0,3,12.31248793,5,0,2,0,0
0,1,2,0.255129594,8,1,3,1,0
1,0,4,13.90459311,12,0,1,0,0
0,1,2,8.359984338,8,1,3,1,0
0,2,3,11.31114966,12,1,2,0,0
0,0,2,12.98161204,4,1,2,1,1
1,0,1,7.004732287,13,0,3,1,0
0,0,2,18.3419701,4,0,2,1,1
0,1,1,2.679497335,8,0,2,0,0
1,2,2,13.43023615,7,1,0,0,0
1,0,2,0.087191599,6,0,1,0,0
1,2,2,18.49302211,7,0,2,0,0
0,0,0,2.250082665,21,0,0,0,0
0,0,1,1.897684603,2,0,1,1,0
0,3,2,6.660152661,22,0,1,0,0
1,0,4,7.471325721,23,0,1,0,0
0,0,1,4.286001446,14,1,2,1,0
0,0,2,11.70243322,7,0,2,0,0
1,0,2,8.858281961,0,1,4,1,1
1,0,2,0.683511781,6,0,2,1,0
1,0,1,6.393041245,18,0,4,1,0
1,1,2,16.20865827,1,0,3,1,1
1,0,1,13.7940307,13,0,4,0,0
0,1,4,14.49741707,17,0,3,0,0
1,0,1,13.96233848,29,1,3,0,0
0,0,1,6.219460428,14,0,2,0,0
0,1,0,1.993278442,13,0,1,0,0
1,3,1,5.449343681,23,0,1,1,0
1,0,2,16.635706,24,1,4,0,0
1,2,1,19.60941596,18,0,4,0,0
0,1,0,9.876940295,29,0,3,1,0
1,1,2,0.194007098,18,0,3,0,0
1,1,0,2.800896243,21,1,4,0,0
1,0,0,6.441611506,26,0,2,0,0
1,0,3,11.57170697,25,0,3,1,0
1,1,2,1.501872916,16,0,2,1,0
0,0,3,18.86714597,21,1,2,1,0
0,3,3,7.301673466,27,0,0,0,0
0,0,2,18.25168436,18,1,2,1,0
1,0,0,15.61043606,26,0,3,0,0
1,2,2,15.10874545,15,0,2,0,0
1,0,3,12.1343916,19,0,3,0,0
0,1,2,12.53567634,24,1,2,0,0
1,1,2,12.7600647,18,0,1,0,0
1,3,1,12.57442774,0,1,3,1,1
1,2,3,11.07456463,18,0,3,0,0
0,1,2,19.72828037,6,1,1,0,1
1,1,4,14.64581135,28,0,2,0,0
0,3,1,15.53892777,22,0,2,0,0
1,0,1,17.4492563,10,0,4,0,0
0,0,1,4.312795255,4,0,3,1,1
0,0,2,1.676083182,29,0,1,1,0
0,0,1,9.657888732,16,0,2,1,0
1,1,0,10.28161391,10,0,3,1,0
1,1,4,16.5836356,23,0,3,0,0
0,1,0,8.875671586,25,0,3,1,0
0,0,3,11.41706051,7,0,1,0,0
1,2,1,10.54141877,9,0,3,0,0
1,0,3,0.764055675,11,0,3,0,0
0,1,2,12.30429793,9,0,3,0,0
1,1,3,16.56086572,12,0,2,0,0
1,0,3,3.150010962,25,1,3,0,0
1,0,0,11.88663468,17,1,3,0,0
1,0,0,11.87221089,9,0,3,1,0
0,2,1,3.283699281,18,0,2,0,0
1,3,2,2.469271475,19,0,1,0,0
1,1,3,19.60103886,16,0,2,1,0
0,0,2,7.874383393,19,0,2,0,0
0,0,2,4.548434574,15,0,2,1,0
1,2,1,3.426490889,4,0,2,1,0
1,2,3,13.35203427,2,0,2,0,1
1,0,4,12.18890595,29,0,3,0,0
1,0,1,12.87104246,26,0,1,0,0
0,2,2,1.76012055,14,0,2,0,0
0,0,0,17.87069167,25,0,3,0,0
0,0,2,7.785327936,1,0,2,0,1
1,0,2,6.267388129,12,1,2,0,0
1,1,1,9.247228945,21,1,2,0,0
1,2,2,7.801321315,7,0,2,0,0
1,3,1,17.27154006,22,0,1,1,0
0,1,2,18.5852195,26,0,2,0,0
0,1,2,6.069064329,29,0,4,1,0
1,0,0,17.27871615,16,0,2,0,0
0,1,2,15.63046259,3,0,0,1,0
1,0,2,18.61615345,18,0,3,0,0
1,1,1,4.915006244,21,0,2,0,0
0,0,0,11.539183,24,1,1,0,0
1,0,2,5.490891695,8,1,3,0,0
1,0,4,16.48188981,22,0,1,0,0
0,0,1,0.106483811,14,0,4,0,0
1,0,1,11.29638326,27,0,2,0,0
1,0,1,6.784068625,8,1,3,0,0
0,3,2,6.453674142,23,1,2,0,0
1,0,1,12.89812648,20,1,1,0,0
0,1,1,17.02968899,8,0,3,0,0
1,2,2,12.18390783,13,1,4,1,0
0,3,2,17.06345957,22,0,3,0,0
0,1,1,5.291942238,20,1,3,1,0
0,2,2,10.3900371,15,1,4,0,0
1,0,2,9.010730781,23,0,1,0,0
0,0,0,0.23289799,22,0,0,0,0
0,0,0,11.13624286,24,1,0,0,0
0,1,3,13.23048648,25,0,3,1,0
0,1,0,11.83828809,16,0,3,0,0
0,0,2,14.72559798,12,0,3,1,0
1,0,3,11.42679057,8,0,4,0,0
1,1,1,1.335005097,14,0,3,0,0
1,0,1,2.328910482,6,0,2,0,0
1,1,2,11.92949155,0,0,1,0,0
1,1,3,5.499583839,0,0,4,0,1
1,2,3,1.592902581,4,0,1,0,0
1,2,2,8.592054869,23,0,2,0,0
0,2,0,11.08645196,8,0,2,1,0
1,0,2,6.574919767,11,0,1,0,0
0,2,2,14.40867404,5,0,3,1,1
0,1,2,12.87541216,27,1,1,0,0
1,0,0,6.656367222,12,0,4,0,0
0,0,1,15.09745058,25,1,2,1,0
0,0,2,12.97390085,27,0,3,1,0
0,0,2,12.74890757,7,1,3,0,1
0,1,1,11.06855402,14,0,3,0,0
1,2,1,0.227793362,5,0,4,0,0
1,0,3,13.93014367,26,0,1,1,0
1,0,2,7.520835822,5,0,0,0,0
1,3,1,18.8521942,3,0,0,1,0
1,0,1,16.35969542,10,0,3,0,0
1,0,1,11.75388939,20,0,4,0,0
1,1,3,5.043639636,29,1,2,1,0
1,1,2,4.074347866,17,0,3,1,0
1,0,2,6.807696754,2,0,0,0,0
1,0,2,9.531358872,2,0,1,1,0
0,0,1,5.921310201,29,0,3,1,0
1,1,3,10.29858991,11,1,0,1,0
0,1,2,3.30740851,26,1,2,1,0
0,0,1,19.55425626,20,1,3,0,0
0,1,1,2.158491099,29,1,3,1,0
0,2,2,18.63888279,20,0,2,1,0
1,0,3,18.27156023,5,0,3,0,0
0,0,1,10.50720964,20,0,2,0,0
1,1,3,14.49820544,27,1,0,0,0
1,0,2,8.720965959,5,1,3,1,1
0,0,1,12.60069155,7,0,1,1,0
1,1,0,6.811518748,14,0,0,0,0
0,2,1,6.023180396,17,1,2,0,0
0,2,2,11.56459572,19,0,3,0,0
1,1,1,9.962593484,28,1,1,0,0
1,2,1,11.59072738,15,0,0,0,0
0,0,2,5.733211626,5,0,1,0,0
1,1,2,7.339156636,27,0,2,1,0
1,0,1,1.677959213,20,0,2,0,0
1,0,2,1.045527445,16,0,1,1,0
0,2,2,5.069142593,8,0,3,0,0
0,1,2,1.484937187,18,1,3,1,0
1,0,3,2.075494173,17,0,3,0,0
1,3,1,16.25856811,24,1,2,1,0
1,0,3,0.77747394,22,0,2,0,0
1,0,2,13.17885588,4,1,2,0,1
1,0,2,5.451154976,27,0,2,0,0
0,2,2,17.43091361,5,0,0,0,0
1,2,2,9.699845692,11,0,3,1,0
0,0,1,6.111529187,10,0,2,0,0
1,1,2,10.35277871,15,1,1,1,0
0,0,2,7.639160381,19,0,1,0,0
1,2,2,11.28602129,16,0,1,1,0
0,0,1,2.290657367,19,1,4,0,0
1,0,3,19.93981006,8,0,1,0,0
0,3,2,8.511117554,0,1,3,0,1
0,0,0,6.964612794,25,0,2,1,0
0,0,2,14.20419697,2,1,3,0,1
0,1,2,7.27798813,20,0,2,0,0
0,3,2,16.6654861,22,1,4,0,0
0,0,2,9.085414487,8,0,1,0,0
1,0,3,14.39116827,21,0,2,0,0
0,0,1,2.149064329,18,0,1,0,0
1,1,2,16.92238371,12,0,2,1,0
1,0,3,14.71435974,22,0,2,1,0
1,1,3,4.234335569,13,0,3,1,0
1,3,2,2.905720195,19,0,2,0,0
1,0,3,6.325846975,18,1,0,0,0
0,0,0,19.52141172,29,0,3,1,0
0,0,3,5.136631491,22,1,2,0,0
0,0,1,9.122544179,26,0,1,0,0
1,2,1,0.600404514,26,0,4,1,0
0,0,1,7.944550591,6,1,4,0,1
0,0,2,11.42640031,3,1,3,0,1
0,1,1,19.06249225,11,0,3,0,0
0,0,1,10.3347209,22,0,0,0,0
0,1,1,16.38214652,26,0,4,0,0
1,0,1,10.94255285,13,0,2,0,0
0,2,2,0.815700269,1,0,1,0,0
1,3,2,6.300165504,0,0,3,1,1
1,1,1,11.51099016,27,0,1,0,0
1,3,2,19.01187932,17,0,2,1,0
1,0,3,17.1826072,19,1,1,0,0
1,0,2,4.567112284,7,1,2,1,0
0,1,1,4.4021966,2,0,2,1,1
0,1,2,4.023459342,25,0,2,1,0
0,0,1,18.44997793,5,0,0,1,0
1,0,1,17.05332306,21,1,2,0,0
0,0,1,15.49766865,12,0,2,0,0
0,0,3,7.854702284,8,0,1,0,0
1,0,1,10.08761409,8,0,4,0,0
1,2,0,9.286634896,19,0,2,0,0
1,0,1,5.067962151,8,0,3,0,0
1,0,3,10.10056092,14,1,1,0,0
0,1,2,0.609930957,12,0,2,1,0
1,1,1,2.63620747,21,0,1,1,0
1,2,2,17.73179192,15,0,2,0,0
0,1,2,15.03359534,1,0,1,0,0
0,0,2,8.457368181,25,0,2,1,0
1,2,1,10.34300725,13,0,2,0,0
0,1,3,7.399977719,26,0,1,0,0
1,0,1,14.81559734,5,1,3,0,1
1,1,2,15.68374358,1,1,4,0,1
0,3,0,15.2657038,7,0,1,0,0
0,0,1,14.4522345,3,1,3,1,1
1,0,1,4.090086774,20,1,3,0,0
1,0,2,6.759399585,23,0,2,0,0
1,0,0,9.3969087,13,0,3,1,0
0,0,2,6.615859829,10,0,4,1,0
1,1,1,15.098804,23,0,2,0,0
1,0,2,6.587070485,27,1,3,1,0
1,3,3,2.764641736,13,0,3,1,0
1,2,2,7.980809041,11,0,2,1,0
1,1,2,19.59828866,15,0,2,1,0
0,2,2,4.517628259,5,0,4,1,0
1,0,1,12.24317318,19,0,3,0,0
1,0,3,8.659460997,0,0,1,1,0
1,1,1,1.420491353,11,0,1,1,0
1,2,2,9.75753212,6,1,4,0,1
0,2,2,14.04328657,7,1,0,0,0
0,0,1,10.26439952,8,1,3,1,1
0,3,1,17.44212127,1,1,1,1,1
1,0,2,5.778740333,16,1,0,0,0
1,2,3,1.724983426,19,0,0,0,0
0,3,3,18.73131223,12,0,2,1,0
0,0,2,7.563926991,4,0,0,0,0
0,2,2,11.52811103,9,0,2,0,0
1,0,3,15.84006252,11,0,3,0,0
1,0,0,6.486273278,16,1,2,0,0
0,1,1,14.32329076,20,0,3,1,0
0,1,2,2.708376996,5,0,2,0,0
0,3,3,5.825874944,2,0,2,0,0
1,1,3,2.894212723,27,0,2,0,0
1,0,2,16.22461117,14,1,2,0,0
1,2,0,4.452984705,6,0,4,1,0
0,3,2,14.34807111,29,0,3,0,0
0,0,1,18.86596794,5,0,2,0,0
1,3,1,10.55544418,3,1,3,0,1
0,0,2,10.80058385,18,0,2,0,0
1,2,0,9.220671362,4,0,1,1,0
0,0,3,6.517802868,2,1,2,0,1
0,0,2,9.513100618,25,0,3,1,0
0,0,2,12.05615065,24,0,2,0,0
0,1,0,19.71983144,8,0,3,0,0
1,0,1,18.75529119,5,1,2,1,1
0,0,0,17.24305917,12,0,2,1,0
1,1,4,17.78261071,26,0,4,1,0
1,3,3,9.356983666,21,0,2,0,0
1,0,2,13.14888654,27,0,3,0,0
0,0,1,17.90133446,29,0,3,1,0
1,0,3,7.8590153,19,0,4,0,0
1,0,1,19.23524957,3,0,0,1,0
1,2,1,8.315721241,1,0,1,1,1
0,2,2,12.02165331,25,0,3,1,0
0,1,3,14.19609427,3,0,2,1,0
1,0,0,19.01184026,7,0,2,0,0
0,2,1,4.892325481,12,0,1,1,0
1,1,3,14.92261956,9,0,1,0,0
1,2,1,10.41631172,17,1,2,0,0
0,1,1,5.371142812,8,0,1,0,0
1,2,2,15.5321368,29,0,1,0,0
0,1,3,11.0444456,0,0,0,1,0
0,0,2,13.21947641,12,0,1,1,0
1,3,4,6.458021372,17,1,3,0,0
0,1,2,9.625479037,14,0,3,0,0
0,1,0,12.34708502,1,0,0,1,0
1,0,4,8.098216285,10,0,1,1,0
1,1,2,3.967450797,28,0,2,1,0
0,1,1,19.23280985,13,0,2,1,0
0,0,2,10.2293508,21,0,3,1,0
1,0,1,14.67840741,14,1,3,0,0
0,1,0,8.220943871,13,1,3,1,0
0,2,0,7.102635281,15,0,2,1,0
0,1,2,8.143285969,22,0,2,1,0
0,0,3,8.183932876,28,1,3,0,0
0,1,2,10.88360232,14,0,0,1,0
0,0,4,10.8693974,18,0,0,0,0
0,0,1,9.943076318,26,1,0,0,0
1,0,1,2.695715698,8,0,2,1,0
1,0,1,9.92150957,4,0,1,0,0
1,0,1,3.382078008,4,0,1,0,0
1,0,1,2.522715726,10,0,3,1,0
1,0,2,18.65291435,27,1,4,1,0
0,0,3,12.09900026,19,0,1,1,0
0,1,4,13.18980116,24,1,2,0,0
0,0,1,8.035873407,23,0,1,1,0
0,0,3,18.17961784,27,0,4,0,0
1,2,1,12.75860979,3,0,1,1,1
0,0,1,15.38339739,19,0,3,0,0
0,1,3,7.371249381,17,0,1,1,0
1,0,2,19.20023762,24,0,3,0,0
0,0,1,16.4092258,2,1,1,1,1
0,1,2,17.07896926,3,1,1,0,1
1,1,1,3.443885349,13,0,1,1,0
0,2,2,5.419264157,6,0,1,0,0
0,1,2,5.712531994,25,1,3,1,0
0,3,4,5.418184465,7,0,3,0,0
0,0,0,17.10816324,23,0,2,0,0
0,0,1,0.637695904,15,1,4,1,0
1,0,2,1.52199978,19,0,2,1,0
1,0,2,5.478297413,14,0,4,0,0
1,1,1,3.997459493,6,0,1,0,0
1,1,2,4.637192278,25,0,4,1,0
1,0,3,15.95886379,16,0,0,1,0
1,3,3,11.26253188,21,0,2,0,0
0,2,3,0.115413226,21,1,2,1,0
1,0,3,8.586455314,21,0,2,1,0
1,0,2,8.157698537,11,0,2,0,0
0,0,3,2.278905389,17,0,2,0,0
0,0,1,13.52283577,23,1,4,1,0
1,0,1,14.04194377,13,1,4,1,0
0,1,1,14.41786438,14,1,4,1,0
1,0,2,14.56941891,14,0,4,0,0
0,0,1,0.001056539,4,1,3,0,0
1,3,4,19.07841608,15,0,4,0,0
0,1,1,16.28417534,4,0,3,1,1
0,3,0,18.07963393,1,0,2,0,1
1,0,2,0.312865906,19,0,3,0,0
1,0,0,18.67717592,27,1,4,0,0
1,1,1,16.19577057,24,0,3,0,0
1,0,1,16.74438286,8,0,2,0,0
1,0,2,1.865747694,21,0,0,0,0
0,1,2,14.77556058,26,0,3,1,0
1,1,2,19.19833379,8,0,4,0,0
1,0,2,13.57094683,3,0,2,0,0
0,0,2,11.41122809,14,0,1,0,0
0,0,1,18.91259355,10,0,2,0,0
1,0,1,8.858742435,0,1,2,0,1
0,0,2,11.98587133,17,1,2,0,0
0,0,0,9.52676587,28,1,3,0,0
1,0,0,18.65692443,0,1,4,1,1
0,3,2,1.521694535,7,0,3,0,0
0,1,2,10.02239402,24,1,2,0,0
1,2,1,13.73904883,15,0,4,1,0
1,0,1,15.83813077,25,1,2,0,0
0,0,3,11.66037295,27,0,1,1,0
0,0,3,18.17835488,21,1,2,0,0
1,0,2,18.83982894,17,0,3,0,0
0,0,2,1.286384464,21,0,3,0,0
0,2,2,8.047410791,8,0,4,1,1
0,1,4,0.469180434,11,0,2,0,0
1,1,4,6.588333147,18,1,1,0,0
0,0,1,10.73736436,24,0,0,0,0
0,3,3,18.21589861,17,0,3,0,0
1,0,1,16.93108645,26,1,3,1,0
0,0,1,2.549994533,4,0,2,0,0
0,0,2,1.860607495,26,0,2,1,0
1,2,2,11.78534678,1,0,4,0,1
1,3,3,10.64235945,6,0,4,1,1
1,0,0,5.327552829,26,1,1,0,0
1,2,2,17.98906169,9,1,3,1,1
0,2,3,18.54732819,14,1,3,0,0
0,0,3,8.052228767,24,0,1,1,0
1,0,1,17.80605114,6,0,2,1,1
1,0,1,7.678977885,27,0,1,0,0
0,3,2,14.73633664,4,1,1,1,1
1,0,1,9.518844351,14,0,3,1,0
0,2,4,2.45166313,19,0,2,1,0
1,0,3,18.55868402,27,0,2,0,0
0,2,1,9.081931868,19,0,2,0,0
1,0,1,14.68974081,14,1,0,1,0
1,1,0,7.343476289,9,0,3,0,0
0,2,3,0.377617572,23,0,2,0,0
1,2,1,2.010607174,25,0,2,1,0
0,2,2,9.92438959,28,1,4,0,0
0,0,2,13.79928714,25,0,2,0,0
0,1,2,6.694706532,13,0,3,0,0
0,0,0,13.90976918,25,0,2,1,0
0,0,1,13.97271179,25,0,3,1,0
1,1,3,14.07871815,9,1,3,1,1
1,0,3,9.85043708,16,0,1,1,0
0,1,2,18.297723,20,1,3,0,0
1,3,0,9.78393036,13,0,0,0,0
0,0,1,9.00530387,1,1,4,0,1
1,1,2,3.98761638,15,1,2,0,0
1,0,1,6.153101747,12,0,3,0,0
1,0,3,0.84668985,26,0,2,1,0
1,0,2,12.67070587,8,0,3,1,0
0,3,0,4.970714879,6,0,4,0,0
0,2,3,6.08310509,15,0,3,1,0
1,3,4,15.41629043,9,0,1,1,0
1,3,0,6.544423663,23,1,2,1,0
0,0,2,4.84391784,21,0,2,0,0
1,0,1,3.381154983,8,1,2,0,0
0,1,1,15.49716804,21,0,2,0,0
0,0,1,2.59412516,22,0,2,0,0
0,0,2,9.075075205,6,1,2,0,0
1,0,4,10.13860232,15,0,1,1,0
0,1,2,13.74779825,8,0,2,0,0
1,1,0,12.66566965,26,1,1,0,0
0,0,2,16.21441346,23,1,1,0,0
1,0,1,0.895028679,28,0,3,1,0
1,1,3,5.928814496,16,0,0,0,0
1,1,2,5.602682376,19,0,2,0,0
0,0,1,2.920338112,6,0,2,1,0
0,2,1,5.783565077,10,0,2,0,0
1,0,2,6.195306283,7,0,3,1,0
1,0,1,10.43768924,6,0,2,0,0
1,2,2,13.27408958,27,1,1,0,0
0,1,1,7.622010272,18,1,3,0,0
0,0,1,14.38940463,19,0,4,1,0
0,1,2,6.723306772,11,0,0,1,0
0,1,3,5.805673546,6,0,2,0,0
1,2,3,10.82376112,7,0,2,0,0
1,2,1,0.474327206,6,0,1,0,0
0,1,1,1.595782473,5,0,2,1,0
0,0,1,8.359390872,24,0,3,0,0
1,0,2,18.85825423,8,1,1,0,0
0,0,2,14.4302356,26,1,4,0,0
0,0,3,1.76253139,12,1,2,0,0
0,1,3,16.92636026,6,0,2,1,1
0,1,1,14.64601541,7,0,3,1,0
0,0,2,12.21893051,21,0,0,0,0
0,0,3,16.40585921,16,1,2,0,0
1,0,3,8.082196955,16,0,2,0,0
0,0,0,4.430021017,15,0,2,0,0
0,2,1,10.24046778,21,0,2,1,0
1,0,2,10.97683511,1,0,0,0,0
1,1,1,10.76652744,29,0,1,0,0
1,3,1,11.30147583,7,0,1,0,0
0,0,0,18.97409836,16,0,4,1,0
1,0,2,18.04491246,12,0,0,0,0
0,0,1,17.51434073,17,0,1,1,0
0,1,0,16.02833622,23,0,4,1,0
0,1,1,18.86856215,27,1,3,1,0
1,0,3,1.969892834,21,0,2,1,0
1,1,3,5.302465229,27,0,0,0,0
1,2,2,9.901118913,9,0,3,0,0
1,0,2,16.93068986,1,1,1,1,1
1,0,4,10.10331423,1,0,3,1,1
0,2,1,14.96069479,26,0,4,1,0
0,1,1,2.779198105,13,0,2,1,0
0,2,1,5.04827626,15,0,1,0,0
0,1,1,14.6355219,6,0,3,0,1
1,2,1,3.294680178,20,0,2,1,0
1,0,3,7.027118693,20,1,2,1,0
0,2,2,5.297325156,23,1,2,0,0
1,3,2,6.997233884,11,1,3,0,0
1,1,3,14.16648098,27,0,2,0,0
0,0,0,7.356943623,22,1,4,0,0
0,0,1,11.10526645,27,0,3,0,0
1,0,2,1.998637541,13,0,1,1,0
1,0,2,16.10035386,24,1,3,0,0
0,0,0,7.397772513,3,0,1,1,0
0,1,2,12.97068318,25,0,3,1,0
0,1,2,14.50779203,3,0,1,1,1
1,0,2,4.193218442,17,0,2,1,0
0,1,2,17.6934997,2,1,3,0,1
0,0,1,12.32448503,0,0,1,1,1
1,0,0,8.574502835,16,0,3,0,0
1,0,2,3.646703672,6,0,3,1,1
1,1,1,18.84601876,29,1,2,0,0
1,0,3,15.10136408,15,0,2,1,0
1,0,2,4.160491255,29,0,4,0,0
0,0,1,6.754215494,4,1,1,0,0
0,2,2,16.19348516,18,0,3,0,0
1,0,2,13.91355326,6,0,3,1,0
1,1,1,15.31568585,13,1,4,0,0
1,1,3,8.824022044,1,0,3,0,1
1,2,3,14.32952525,2,1,2,1,1
1,3,2,7.729874457,16,0,4,0,0
0,0,0,4.225258339,15,1,3,0,0
0,0,2,12.6535407,7,1,3,0,1
0,2,2,19.52027851,17,0,0,0,0
0,0,1,6.212019428,14,0,2,1,0
1,1,1,9.219391844,6,1,3,0,1
0,1,3,13.48002742,26,0,2,1,0
1,1,0,10.83012564,8,0,2,0,0
1,3,2,16.86855591,5,0,1,1,0
1,3,2,15.23485413,17,1,2,1,0
0,2,2,1.165944077,17,1,1,1,0
1,0,0,19.96842468,24,0,1,0,0
0,2,3,15.04804907,25,0,2,0,0
0,0,1,17.27806633,23,1,3,0,0
1,0,2,13.02395424,13,1,2,1,1
1,2,2,17.12570256,13,0,1,0,0
1,0,2,2.247659499,13,1,1,1,0
0,0,4,6.954756711,24,1,2,0,0
1,0,2,17.52841887,3,0,3,0,0
0,2,1,4.033104225,3,1,3,0,0
1,1,4,1.564841972,14,0,1,0,0
1,1,2,15.7623788,14,0,2,1,0
0,0,1,16.70972311,17,0,3,0,0
0,2,1,3.253044364,13,1,1,0,1
0,2,3,17.08691966,25,1,2,0,0
0,0,1,13.73535591,0,0,2,1,0
0,0,2,10.40165366,9,0,1,0,0
0,0,2,16.60500386,28,0,0,0,0
1,3,1,8.384984986,19,1,2,1,0
1,1,2,3.879879124,9,1,0,0,0
0,3,0,5.697053532,9,0,1,0,1
1,0,2,10.10328037,26,0,2,0,0
0,2,2,10.62661585,23,0,0,1,0
1,2,2,16.11161653,1,0,2,1,1
1,1,2,15.82705447,28,0,1,1,0
0,3,3,11.62733114,27,1,2,1,0
0,0,2,15.61570967,26,0,3,1,1
0,0,0,3.835469166,7,0,3,0,0
1,1,1,1.001290542,0,0,2,0,0
0,2,2,17.47267645,0,0,0,0,0
1,1,3,1.511089875,3,0,3,0,1
0,0,3,4.933768595,6,0,1,1,0
1,1,3,13.90637899,8,0,0,1,0
1,0,1,8.188958753,15,1,3,0,0
0,0,2,17.5262794,4,0,4,0,0
1,1,2,5.959595893,1,1,2,1,1
1,2,1,0.237426933,27,0,0,0,0
0,0,0,6.013112811,22,0,3,0,1
1,0,3,11.56150098,10,0,0,1,0
0,0,1,7.518767508,17,1,3,0,1
0,0,1,10.69745512,24,0,2,1,0
0,2,0,17.53196238,24,0,2,1,1
0,3,3,18.24970108,18,1,2,0,0
1,0,2,5.319481293,12,0,4,0,1
1,2,2,9.242809465,23,1,3,1,0
1,2,3,10.9828803,10,0,2,0,1
0,2,1,18.98224914,19,0,3,0,1
1,0,2,19.97234638,18,0,2,1,1
1,3,0,4.708144977,16,1,3,0,1
0,0,1,14.53959743,4,0,3,0,1
0,0,3,7.560621245,12,0,0,0,0
1,0,2,0.162163938,29,0,2,0,1
0,0,1,0.185050449,26,0,4,0,1
0,0,1,9.211320151,19,1,4,0,1
0,0,2,9.76669826,0,0,0,0,0
0,0,0,0.451393931,9,0,1,0,0
1,2,1,13.73854834,7,0,4,1,0
0,2,1,5.880067772,23,0,2,1,0
0,0,1,11.19786203,28,0,2,0,0
0,2,3,6.018381463,7,0,1,0,1
0,2,1,3.342686297,18,1,3,1,1
0,2,1,8.143474772,5,1,1,1,0
0,0,2,4.645467296,11,0,1,1,0
0,1,3,10.69601954,27,1,1,1,0
0,3,1,3.976570606,6,0,4,0,1
1,1,0,10.16811953,15,0,3,0,0
0,0,1,3.147570297,8,0,3,1,0
1,1,2,13.41949419,20,0,2,1,1
0,1,2,15.07875369,24,0,4,0,0
0,1,3,2.207884685,21,1,3,0,1
0,0,4,9.356048241,9,1,3,0,0
0,0,2,1.417434013,9,0,4,0,1
1,2,2,11.96364891,9,0,2,0,1
0,2,2,5.288085959,19,1,3,1,1
0,0,0,10.55248914,28,0,4,1,1
1,3,4,10.34922019,15,0,3,1,0
1,0,1,18.48708692,0,0,2,1,1
0,1,1,10.98166445,16,0,0,0,0
1,2,2,11.65996959,29,0,3,1,0
1,2,1,8.033062515,25,1,2,1,0
1,3,2,18.98159206,20,1,1,0,0
0,0,2,15.54371819,28,0,3,1,0
0,2,2,5.708105806,13,1,2,0,0
0,0,3,16.88419172,18,0,2,1,1
1,2,1,8.647927204,20,0,3,0,0
0,2,2,16.57334287,20,1,2,0,0
1,1,2,16.45776137,16,0,0,0,1
0,0,2,3.777403735,13,0,2,0,0
0,2,2,14.02282263,7,0,0,0,0
1,0,1,5.812859386,20,1,1,0,1
0,0,2,5.9498534,20,1,0,0,1
1,2,1,5.926961538,8,1,1,0,0
1,0,3,14.51136495,7,0,2,0,0
0,2,1,4.596520836,12,1,2,1,0
1,0,2,0.018116705,16,0,4,1,1
0,0,0,14.30473707,18,1,2,1,1
0,2,1,3.423694877,27,0,3,1,0
1,1,2,2.089647906,6,0,2,0,0
0,0,3,4.750322412,16,0,3,0,1
1,2,2,7.598010446,0,1,3,0,0
0,1,3,9.518126549,4,1,2,1,0
0,1,2,0.891400814,24,0,1,1,1
0,0,2,19.41146665,5,0,2,0,0
0,2,1,14.32126107,25,1,3,0,0
0,2,3,6.463881306,1,0,2,1,0
1,2,1,6.373945146,26,1,3,0,0
1,0,3,8.970850987,24,1,1,0,1
1,2,3,12.52489646,15,0,0,1,1
1,1,3,2.927461332,21,0,2,0,0
1,1,2,3.778596275,4,0,3,1,1
1,0,2,17.18869166,4,0,2,0,0
0,2,2,5.125098478,11,0,3,1,0
0,2,1,7.60389996,2,1,1,1,1
1,0,2,17.42543702,29,0,2,0,1
1,0,0,13.26295659,15,0,3,1,1
0,2,2,6.834237587,5,0,3,1,0
0,0,1,13.67399091,14,0,1,1,1
0,3,1,0.393664308,14,1,2,0,1
1,1,1,14.7128532,28,0,3,0,1
1,1,2,9.74032081,15,0,0,0,0
1,0,2,16.26364295,19,1,3,1,0
0,0,0,19.09275304,12,0,2,1,0
0,3,2,18.51577099,11,0,1,0,1
1,0,1,18.18530087,9,0,3,0,1
1,2,2,10.24339912,13,1,1,1,0
0,0,2,7.202842283,1,0,4,0,1
0,0,2,9.300706495,28,1,3,0,1
0,0,2,13.79792007,2,1,3,0,0
0,1,1,17.67995554,8,0,0,0,0
1,3,2,4.13972606,10,0,4,1,0
0,0,2,18.36386317,10,0,3,0,1
0,0,2,16.30360464,24,0,1,0,1
0,0,2,19.5771203,21,1,2,1,0
1,1,0,17.60503547,9,0,1,0,0
1,0,2,5.598746594,25,0,4,0,0
0,2,2,2.119118227,13,1,3,1,1
0,1,1,2.24482144,8,0,4,1,0
0,1,0,5.824466372,19,0,3,0,0
1,0,0,12.28367448,26,0,2,0,0
1,3,3,16.08640652,20,0,1,0,0
1,0,2,17.98500614,9,1,1,1,0
0,0,1,12.47506769,21,0,1,0,1
1,1,1,0.112626255,28,0,2,0,1
0,1,2,3.72633553,8,0,4,0,1
0,0,3,1.994524077,28,0,4,1,0
0,0,0,7.266489511,4,0,1,0,0
1,2,1,10.02701987,7,0,3,0,0
0,0,3,0.867943572,10,1,2,0,1
1,2,0,6.969559516,0,1,2,0,1
1,1,1,3.583593493,20,0,3,1,0
0,0,4,12.94140333,9,0,2,1,0
0,0,2,9.285447386,0,0,4,1,0
1,0,1,9.906352939,25,0,3,1,0
0,2,0,8.553835761,29,0,3,0,0
1,1,0,19.12039421,21,0,1,1,0
0,0,1,4.294702502,6,0,1,0,0
1,1,3,10.3332852,27,0,2,0,0
1,3,2,14.72034737,13,1,3,1,1
1,0,2,11.13688826,4,0,4,1,1
1,3,3,18.58041771,16,1,2,1,0
0,0,2,7.559367113,21,0,3,1,0
0,0,1,9.273516115,25,0,2,1,0
1,0,2,1.770446304,20,1,1,0,0
1,0,3,12.17998222,5,0,3,1,0
0,0,3,5.764239369,15,1,3,1,1
0,0,0,3.20618079,10,0,1,1,0
0,3,2,10.89062586,9,0,2,1,0
0,2,2,10.64620527,14,0,2,0,1
0,2,3,1.517432824,6,0,1,1,1
0,0,1,13.96430907,22,1,4,0,1
1,0,2,12.47544381,1,1,2,1,1
0,0,3,3.780345655,11,1,1,0,0
0,2,2,9.388697243,18,0,1,0,0
1,3,2,14.40645833,11,0,4,0,1
0,0,0,10.58871481,15,0,3,0,0
0,0,1,7.909781524,5,0,3,0,1
0,1,1,6.446769162,2,1,0,0,0
0,0,3,12.20787733,1,0,3,0,0
0,0,1,18.78217397,19,0,2,0,1
1,1,2,13.43489681,4,0,3,0,0
0,2,2,1.494918073,10,1,4,0,0
1,0,1,9.21369947,25,1,1,1,0
1,0,2,17.81648263,24,0,2,0,0
0,3,2,1.889248516,2,0,0,0,0
1,0,3,19.77751424,2,0,2,0,1
0,0,2,18.98138787,21,0,1,0,0
1,0,2,1.565489615,4,1,4,1,0
1,0,1,18.66826641,21,0,2,0,1
0,0,3,7.262651805,22,0,3,0,0
0,2,1,16.89418334,10,0,3,0,0
0,0,2,8.367666754,2,0,4,1,1
0,0,1,8.817102254,12,1,2,1,0
0,1,3,12.68486182,20,0,2,0,0
1,1,2,15.48954839,7,0,0,0,1
1,2,2,0.675783019,19,1,0,0,0
1,2,1,11.86311991,9,0,3,1,0
1,0,2,3.734659882,1,1,0,0,1
1,2,2,6.918990357,3,0,2,0,0
1,0,2,6.959373323,17,0,0,0,0
1,3,1,9.381206804,18,0,3,0,1
0,0,4,6.682728238,3,0,2,0,1
0,3,3,2.147222369,19,0,1,0,0
1,2,1,2.912574771,25,0,1,0,0
1,0,3,0.668759711,8,0,2,0,0
0,1,2,9.404981707,15,0,3,0,1
0,3,2,19.0889539,25,0,2,0,1
0,2,1,2.313504473,5,1,3,1,1
0,0,2,18.92528986,24,0,1,1,1
1,2,2,14.66723029,3,0,0,1,1
0,0,2,12.74997606,8,1,0,1,0
1,0,2,12.90555511,26,0,2,0,0
1,0,2,16.53455297,12,0,3,0,1
1,0,2,2.138397288,8,0,1,1,1
0,2,0,10.09508647,5,0,3,0,1
0,0,3,13.94182277,20,0,2,0,0
1,2,2,11.7364089,18,1,4,0,0
1,0,1,16.65558142,13,1,3,0,0
1,0,1,1.44543418,20,0,3,1,1
0,0,2,13.81402079,14,0,2,0,0
1,0,3,10.68055461,2,0,4,1,1
0,0,1,7.58321728,4,1,4,0,0
1,0,2,6.805499645,20,0,2,0,0
1,1,0,12.41665266,17,0,2,0,1
1,0,2,17.81990749,13,0,2,0,1
